ISO-10303-21;
HEADER;
/* Generated by software containing ST-Developer
 * from STEP Tools, Inc. (www.steptools.com) 
 */
/* OPTION: using custom renumber hook */

FILE_DESCRIPTION(
/* description */ ('STEP AP242 Edition 2',
'CAx-IF Rec.Pracs.---Representation and Presentation of Product Manufa
cturing Information (PMI)---4.0---2014-10-13',
'CAx-IF Rec.Pracs.---3D Tessellated Geometry---0.4---2014-09-14','2;1',
'CAx-IF Rec.Pracs.---User Defined Attributes---1.5---2016-08-15'),
/* implementation_level */ '2;1');

FILE_NAME(
/* name */ 'Case - ESPLid',
/* time_stamp */ '2026-07-03T07:47:41Z',
/* author */ (''),
/* organization */ (''),
/* preprocessor_version */ 'ST-DEVELOPER v20',
/* originating_system */ 'ONSHAPE BY PTC INC, 1.217',
/* authorisation */ '  ');

FILE_SCHEMA (('AP242_MANAGED_MODEL_BASED_3D_ENGINEERING_MIM_LF { 1 0 10303 442 3 1 4 }'));
ENDSEC;

DATA;
#10=SHAPE_REPRESENTATION_RELATIONSHIP('','',#1961,#11);
#11=ADVANCED_BREP_SHAPE_REPRESENTATION('',(#1959),#3235);
#12=CIRCLE('',#1965,0.001);
#13=CIRCLE('',#1966,0.001);
#14=CIRCLE('',#1969,0.001);
#15=CIRCLE('',#1970,0.001);
#16=CIRCLE('',#1973,0.001);
#17=CIRCLE('',#1974,0.001);
#18=CIRCLE('',#1977,0.00100000000000001);
#19=CIRCLE('',#1978,0.00100000000000001);
#20=CIRCLE('',#1981,0.001);
#21=CIRCLE('',#1982,0.001);
#22=CIRCLE('',#1985,0.001);
#23=CIRCLE('',#1986,0.001);
#24=CIRCLE('',#1989,0.001);
#25=CIRCLE('',#1990,0.001);
#26=CIRCLE('',#1993,0.00100000000000001);
#27=CIRCLE('',#1994,0.00100000000000001);
#28=CIRCLE('',#1997,0.001);
#29=CIRCLE('',#1998,0.001);
#30=CIRCLE('',#2001,0.001);
#31=CIRCLE('',#2002,0.001);
#32=CIRCLE('',#2005,0.001);
#33=CIRCLE('',#2006,0.001);
#34=CIRCLE('',#2009,0.00100000000000001);
#35=CIRCLE('',#2010,0.00100000000000001);
#36=CIRCLE('',#2013,0.001);
#37=CIRCLE('',#2014,0.001);
#38=CIRCLE('',#2017,0.001);
#39=CIRCLE('',#2018,0.001);
#40=CIRCLE('',#2021,0.001);
#41=CIRCLE('',#2022,0.001);
#42=CIRCLE('',#2025,0.00100000000000001);
#43=CIRCLE('',#2026,0.00100000000000001);
#44=CIRCLE('',#2029,0.0018);
#45=CIRCLE('',#2030,0.0018);
#46=CIRCLE('',#2031,0.0008);
#47=CIRCLE('',#2032,0.0008);
#48=CIRCLE('',#2035,0.0008);
#49=CIRCLE('',#2036,0.0018);
#50=CIRCLE('',#2038,0.0008);
#51=CIRCLE('',#2039,0.0018);
#52=CIRCLE('',#2041,0.001);
#53=CIRCLE('',#2042,0.001);
#54=CIRCLE('',#2043,0.001);
#55=CIRCLE('',#2044,0.00100000000000001);
#56=CIRCLE('',#2045,0.003);
#57=CIRCLE('',#2046,0.003);
#58=CIRCLE('',#2047,0.003);
#59=CIRCLE('',#2048,0.003);
#60=CIRCLE('',#2049,0.0008);
#61=CIRCLE('',#2050,0.0008);
#62=CIRCLE('',#2051,0.0008);
#63=CIRCLE('',#2052,0.0008);
#64=CIRCLE('',#2053,0.0018);
#65=CIRCLE('',#2054,0.0018);
#66=CIRCLE('',#2055,0.0018);
#67=CIRCLE('',#2056,0.0018);
#68=CIRCLE('',#2059,0.003);
#69=CIRCLE('',#2062,0.003);
#70=CIRCLE('',#2065,0.003);
#71=CIRCLE('',#2068,0.003);
#72=CIRCLE('',#2070,0.001);
#73=CIRCLE('',#2071,0.00100000000000001);
#74=CIRCLE('',#2072,0.001);
#75=CIRCLE('',#2073,0.001);
#76=CYLINDRICAL_SURFACE('',#1964,0.001);
#77=CYLINDRICAL_SURFACE('',#1968,0.001);
#78=CYLINDRICAL_SURFACE('',#1972,0.001);
#79=CYLINDRICAL_SURFACE('',#1976,0.00100000000000001);
#80=CYLINDRICAL_SURFACE('',#1980,0.001);
#81=CYLINDRICAL_SURFACE('',#1984,0.001);
#82=CYLINDRICAL_SURFACE('',#1988,0.001);
#83=CYLINDRICAL_SURFACE('',#1992,0.00100000000000001);
#84=CYLINDRICAL_SURFACE('',#1996,0.001);
#85=CYLINDRICAL_SURFACE('',#2000,0.001);
#86=CYLINDRICAL_SURFACE('',#2004,0.001);
#87=CYLINDRICAL_SURFACE('',#2008,0.00100000000000001);
#88=CYLINDRICAL_SURFACE('',#2012,0.001);
#89=CYLINDRICAL_SURFACE('',#2016,0.001);
#90=CYLINDRICAL_SURFACE('',#2020,0.001);
#91=CYLINDRICAL_SURFACE('',#2024,0.00100000000000001);
#92=CYLINDRICAL_SURFACE('',#2058,0.003);
#93=CYLINDRICAL_SURFACE('',#2061,0.003);
#94=CYLINDRICAL_SURFACE('',#2064,0.003);
#95=CYLINDRICAL_SURFACE('',#2067,0.003);
#96=CYLINDRICAL_SURFACE('',#2077,0.0008);
#97=CYLINDRICAL_SURFACE('',#2079,0.0008);
#98=CYLINDRICAL_SURFACE('',#2081,0.0008);
#99=CYLINDRICAL_SURFACE('',#2083,0.0008);
#100=CYLINDRICAL_SURFACE('',#2087,0.0018);
#101=CYLINDRICAL_SURFACE('',#2088,0.0018);
#102=CYLINDRICAL_SURFACE('',#2090,0.0018);
#103=CYLINDRICAL_SURFACE('',#2092,0.0018);
#104=CYLINDRICAL_SURFACE('',#2118,0.001);
#105=CYLINDRICAL_SURFACE('',#2120,0.001);
#106=CYLINDRICAL_SURFACE('',#2122,0.001);
#107=CYLINDRICAL_SURFACE('',#2125,0.00100000000000001);
#108=ORIENTED_EDGE('',*,*,#668,.T.);
#109=ORIENTED_EDGE('',*,*,#669,.T.);
#110=ORIENTED_EDGE('',*,*,#670,.T.);
#111=ORIENTED_EDGE('',*,*,#671,.F.);
#112=ORIENTED_EDGE('',*,*,#672,.T.);
#113=ORIENTED_EDGE('',*,*,#671,.T.);
#114=ORIENTED_EDGE('',*,*,#673,.T.);
#115=ORIENTED_EDGE('',*,*,#674,.F.);
#116=ORIENTED_EDGE('',*,*,#675,.T.);
#117=ORIENTED_EDGE('',*,*,#674,.T.);
#118=ORIENTED_EDGE('',*,*,#676,.T.);
#119=ORIENTED_EDGE('',*,*,#677,.F.);
#120=ORIENTED_EDGE('',*,*,#678,.T.);
#121=ORIENTED_EDGE('',*,*,#677,.T.);
#122=ORIENTED_EDGE('',*,*,#679,.T.);
#123=ORIENTED_EDGE('',*,*,#680,.F.);
#124=ORIENTED_EDGE('',*,*,#680,.T.);
#125=ORIENTED_EDGE('',*,*,#681,.F.);
#126=ORIENTED_EDGE('',*,*,#682,.F.);
#127=ORIENTED_EDGE('',*,*,#683,.F.);
#128=ORIENTED_EDGE('',*,*,#684,.T.);
#129=ORIENTED_EDGE('',*,*,#682,.T.);
#130=ORIENTED_EDGE('',*,*,#685,.T.);
#131=ORIENTED_EDGE('',*,*,#686,.F.);
#132=ORIENTED_EDGE('',*,*,#686,.T.);
#133=ORIENTED_EDGE('',*,*,#687,.F.);
#134=ORIENTED_EDGE('',*,*,#688,.F.);
#135=ORIENTED_EDGE('',*,*,#689,.F.);
#136=ORIENTED_EDGE('',*,*,#690,.T.);
#137=ORIENTED_EDGE('',*,*,#688,.T.);
#138=ORIENTED_EDGE('',*,*,#691,.T.);
#139=ORIENTED_EDGE('',*,*,#669,.F.);
#140=ORIENTED_EDGE('',*,*,#692,.T.);
#141=ORIENTED_EDGE('',*,*,#693,.T.);
#142=ORIENTED_EDGE('',*,*,#694,.T.);
#143=ORIENTED_EDGE('',*,*,#695,.F.);
#144=ORIENTED_EDGE('',*,*,#696,.T.);
#145=ORIENTED_EDGE('',*,*,#695,.T.);
#146=ORIENTED_EDGE('',*,*,#697,.T.);
#147=ORIENTED_EDGE('',*,*,#698,.F.);
#148=ORIENTED_EDGE('',*,*,#699,.T.);
#149=ORIENTED_EDGE('',*,*,#698,.T.);
#150=ORIENTED_EDGE('',*,*,#700,.T.);
#151=ORIENTED_EDGE('',*,*,#701,.F.);
#152=ORIENTED_EDGE('',*,*,#702,.T.);
#153=ORIENTED_EDGE('',*,*,#701,.T.);
#154=ORIENTED_EDGE('',*,*,#703,.T.);
#155=ORIENTED_EDGE('',*,*,#704,.F.);
#156=ORIENTED_EDGE('',*,*,#704,.T.);
#157=ORIENTED_EDGE('',*,*,#705,.F.);
#158=ORIENTED_EDGE('',*,*,#706,.F.);
#159=ORIENTED_EDGE('',*,*,#707,.F.);
#160=ORIENTED_EDGE('',*,*,#708,.T.);
#161=ORIENTED_EDGE('',*,*,#706,.T.);
#162=ORIENTED_EDGE('',*,*,#709,.T.);
#163=ORIENTED_EDGE('',*,*,#710,.F.);
#164=ORIENTED_EDGE('',*,*,#710,.T.);
#165=ORIENTED_EDGE('',*,*,#711,.F.);
#166=ORIENTED_EDGE('',*,*,#712,.F.);
#167=ORIENTED_EDGE('',*,*,#713,.F.);
#168=ORIENTED_EDGE('',*,*,#714,.T.);
#169=ORIENTED_EDGE('',*,*,#712,.T.);
#170=ORIENTED_EDGE('',*,*,#715,.T.);
#171=ORIENTED_EDGE('',*,*,#693,.F.);
#172=ORIENTED_EDGE('',*,*,#716,.T.);
#173=ORIENTED_EDGE('',*,*,#717,.T.);
#174=ORIENTED_EDGE('',*,*,#718,.T.);
#175=ORIENTED_EDGE('',*,*,#719,.F.);
#176=ORIENTED_EDGE('',*,*,#720,.T.);
#177=ORIENTED_EDGE('',*,*,#719,.T.);
#178=ORIENTED_EDGE('',*,*,#721,.T.);
#179=ORIENTED_EDGE('',*,*,#722,.F.);
#180=ORIENTED_EDGE('',*,*,#723,.T.);
#181=ORIENTED_EDGE('',*,*,#722,.T.);
#182=ORIENTED_EDGE('',*,*,#724,.T.);
#183=ORIENTED_EDGE('',*,*,#725,.F.);
#184=ORIENTED_EDGE('',*,*,#726,.T.);
#185=ORIENTED_EDGE('',*,*,#725,.T.);
#186=ORIENTED_EDGE('',*,*,#727,.T.);
#187=ORIENTED_EDGE('',*,*,#728,.F.);
#188=ORIENTED_EDGE('',*,*,#728,.T.);
#189=ORIENTED_EDGE('',*,*,#729,.F.);
#190=ORIENTED_EDGE('',*,*,#730,.F.);
#191=ORIENTED_EDGE('',*,*,#731,.F.);
#192=ORIENTED_EDGE('',*,*,#732,.T.);
#193=ORIENTED_EDGE('',*,*,#730,.T.);
#194=ORIENTED_EDGE('',*,*,#733,.T.);
#195=ORIENTED_EDGE('',*,*,#734,.F.);
#196=ORIENTED_EDGE('',*,*,#734,.T.);
#197=ORIENTED_EDGE('',*,*,#735,.F.);
#198=ORIENTED_EDGE('',*,*,#736,.F.);
#199=ORIENTED_EDGE('',*,*,#737,.F.);
#200=ORIENTED_EDGE('',*,*,#738,.T.);
#201=ORIENTED_EDGE('',*,*,#736,.T.);
#202=ORIENTED_EDGE('',*,*,#739,.T.);
#203=ORIENTED_EDGE('',*,*,#717,.F.);
#204=ORIENTED_EDGE('',*,*,#740,.T.);
#205=ORIENTED_EDGE('',*,*,#741,.T.);
#206=ORIENTED_EDGE('',*,*,#742,.T.);
#207=ORIENTED_EDGE('',*,*,#743,.F.);
#208=ORIENTED_EDGE('',*,*,#744,.T.);
#209=ORIENTED_EDGE('',*,*,#743,.T.);
#210=ORIENTED_EDGE('',*,*,#745,.T.);
#211=ORIENTED_EDGE('',*,*,#746,.F.);
#212=ORIENTED_EDGE('',*,*,#747,.T.);
#213=ORIENTED_EDGE('',*,*,#746,.T.);
#214=ORIENTED_EDGE('',*,*,#748,.T.);
#215=ORIENTED_EDGE('',*,*,#749,.F.);
#216=ORIENTED_EDGE('',*,*,#750,.T.);
#217=ORIENTED_EDGE('',*,*,#749,.T.);
#218=ORIENTED_EDGE('',*,*,#751,.T.);
#219=ORIENTED_EDGE('',*,*,#752,.F.);
#220=ORIENTED_EDGE('',*,*,#752,.T.);
#221=ORIENTED_EDGE('',*,*,#753,.F.);
#222=ORIENTED_EDGE('',*,*,#754,.F.);
#223=ORIENTED_EDGE('',*,*,#755,.F.);
#224=ORIENTED_EDGE('',*,*,#756,.T.);
#225=ORIENTED_EDGE('',*,*,#754,.T.);
#226=ORIENTED_EDGE('',*,*,#757,.T.);
#227=ORIENTED_EDGE('',*,*,#758,.F.);
#228=ORIENTED_EDGE('',*,*,#758,.T.);
#229=ORIENTED_EDGE('',*,*,#759,.F.);
#230=ORIENTED_EDGE('',*,*,#760,.F.);
#231=ORIENTED_EDGE('',*,*,#761,.F.);
#232=ORIENTED_EDGE('',*,*,#762,.T.);
#233=ORIENTED_EDGE('',*,*,#760,.T.);
#234=ORIENTED_EDGE('',*,*,#763,.T.);
#235=ORIENTED_EDGE('',*,*,#741,.F.);
#236=ORIENTED_EDGE('',*,*,#764,.F.);
#237=ORIENTED_EDGE('',*,*,#765,.T.);
#238=ORIENTED_EDGE('',*,*,#766,.T.);
#239=ORIENTED_EDGE('',*,*,#767,.F.);
#240=ORIENTED_EDGE('',*,*,#768,.F.);
#241=ORIENTED_EDGE('',*,*,#769,.T.);
#242=ORIENTED_EDGE('',*,*,#770,.T.);
#243=ORIENTED_EDGE('',*,*,#771,.T.);
#244=ORIENTED_EDGE('',*,*,#772,.T.);
#245=ORIENTED_EDGE('',*,*,#773,.F.);
#246=ORIENTED_EDGE('',*,*,#774,.F.);
#247=ORIENTED_EDGE('',*,*,#775,.F.);
#248=ORIENTED_EDGE('',*,*,#776,.T.);
#249=ORIENTED_EDGE('',*,*,#777,.F.);
#250=ORIENTED_EDGE('',*,*,#778,.T.);
#251=ORIENTED_EDGE('',*,*,#779,.T.);
#252=ORIENTED_EDGE('',*,*,#780,.F.);
#253=ORIENTED_EDGE('',*,*,#781,.T.);
#254=ORIENTED_EDGE('',*,*,#782,.F.);
#255=ORIENTED_EDGE('',*,*,#783,.F.);
#256=ORIENTED_EDGE('',*,*,#784,.F.);
#257=ORIENTED_EDGE('',*,*,#767,.T.);
#258=ORIENTED_EDGE('',*,*,#785,.T.);
#259=ORIENTED_EDGE('',*,*,#786,.T.);
#260=ORIENTED_EDGE('',*,*,#787,.F.);
#261=ORIENTED_EDGE('',*,*,#788,.T.);
#262=ORIENTED_EDGE('',*,*,#789,.F.);
#263=ORIENTED_EDGE('',*,*,#790,.F.);
#264=ORIENTED_EDGE('',*,*,#791,.F.);
#265=ORIENTED_EDGE('',*,*,#792,.T.);
#266=ORIENTED_EDGE('',*,*,#793,.F.);
#267=ORIENTED_EDGE('',*,*,#794,.F.);
#268=ORIENTED_EDGE('',*,*,#795,.T.);
#269=ORIENTED_EDGE('',*,*,#796,.F.);
#270=ORIENTED_EDGE('',*,*,#668,.F.);
#271=ORIENTED_EDGE('',*,*,#672,.F.);
#272=ORIENTED_EDGE('',*,*,#675,.F.);
#273=ORIENTED_EDGE('',*,*,#678,.F.);
#274=ORIENTED_EDGE('',*,*,#683,.T.);
#275=ORIENTED_EDGE('',*,*,#684,.F.);
#276=ORIENTED_EDGE('',*,*,#689,.T.);
#277=ORIENTED_EDGE('',*,*,#690,.F.);
#278=ORIENTED_EDGE('',*,*,#692,.F.);
#279=ORIENTED_EDGE('',*,*,#696,.F.);
#280=ORIENTED_EDGE('',*,*,#699,.F.);
#281=ORIENTED_EDGE('',*,*,#702,.F.);
#282=ORIENTED_EDGE('',*,*,#707,.T.);
#283=ORIENTED_EDGE('',*,*,#708,.F.);
#284=ORIENTED_EDGE('',*,*,#713,.T.);
#285=ORIENTED_EDGE('',*,*,#714,.F.);
#286=ORIENTED_EDGE('',*,*,#716,.F.);
#287=ORIENTED_EDGE('',*,*,#720,.F.);
#288=ORIENTED_EDGE('',*,*,#723,.F.);
#289=ORIENTED_EDGE('',*,*,#726,.F.);
#290=ORIENTED_EDGE('',*,*,#731,.T.);
#291=ORIENTED_EDGE('',*,*,#732,.F.);
#292=ORIENTED_EDGE('',*,*,#737,.T.);
#293=ORIENTED_EDGE('',*,*,#738,.F.);
#294=ORIENTED_EDGE('',*,*,#740,.F.);
#295=ORIENTED_EDGE('',*,*,#744,.F.);
#296=ORIENTED_EDGE('',*,*,#747,.F.);
#297=ORIENTED_EDGE('',*,*,#750,.F.);
#298=ORIENTED_EDGE('',*,*,#755,.T.);
#299=ORIENTED_EDGE('',*,*,#756,.F.);
#300=ORIENTED_EDGE('',*,*,#761,.T.);
#301=ORIENTED_EDGE('',*,*,#762,.F.);
#302=ORIENTED_EDGE('',*,*,#797,.F.);
#303=ORIENTED_EDGE('',*,*,#798,.F.);
#304=ORIENTED_EDGE('',*,*,#799,.F.);
#305=ORIENTED_EDGE('',*,*,#800,.F.);
#306=ORIENTED_EDGE('',*,*,#801,.T.);
#307=ORIENTED_EDGE('',*,*,#802,.F.);
#308=ORIENTED_EDGE('',*,*,#803,.T.);
#309=ORIENTED_EDGE('',*,*,#804,.F.);
#310=ORIENTED_EDGE('',*,*,#805,.F.);
#311=ORIENTED_EDGE('',*,*,#806,.T.);
#312=ORIENTED_EDGE('',*,*,#807,.F.);
#313=ORIENTED_EDGE('',*,*,#808,.T.);
#314=ORIENTED_EDGE('',*,*,#809,.T.);
#315=ORIENTED_EDGE('',*,*,#810,.T.);
#316=ORIENTED_EDGE('',*,*,#811,.T.);
#317=ORIENTED_EDGE('',*,*,#812,.T.);
#318=ORIENTED_EDGE('',*,*,#813,.F.);
#319=ORIENTED_EDGE('',*,*,#814,.T.);
#320=ORIENTED_EDGE('',*,*,#815,.T.);
#321=ORIENTED_EDGE('',*,*,#816,.F.);
#322=ORIENTED_EDGE('',*,*,#817,.T.);
#323=ORIENTED_EDGE('',*,*,#818,.F.);
#324=ORIENTED_EDGE('',*,*,#819,.T.);
#325=ORIENTED_EDGE('',*,*,#820,.F.);
#326=ORIENTED_EDGE('',*,*,#821,.T.);
#327=ORIENTED_EDGE('',*,*,#822,.F.);
#328=ORIENTED_EDGE('',*,*,#823,.T.);
#329=ORIENTED_EDGE('',*,*,#824,.T.);
#330=ORIENTED_EDGE('',*,*,#825,.F.);
#331=ORIENTED_EDGE('',*,*,#826,.T.);
#332=ORIENTED_EDGE('',*,*,#772,.F.);
#333=ORIENTED_EDGE('',*,*,#827,.T.);
#334=ORIENTED_EDGE('',*,*,#828,.F.);
#335=ORIENTED_EDGE('',*,*,#829,.T.);
#336=ORIENTED_EDGE('',*,*,#830,.F.);
#337=ORIENTED_EDGE('',*,*,#831,.T.);
#338=ORIENTED_EDGE('',*,*,#805,.T.);
#339=ORIENTED_EDGE('',*,*,#832,.F.);
#340=ORIENTED_EDGE('',*,*,#833,.F.);
#341=ORIENTED_EDGE('',*,*,#834,.T.);
#342=ORIENTED_EDGE('',*,*,#812,.F.);
#343=ORIENTED_EDGE('',*,*,#835,.F.);
#344=ORIENTED_EDGE('',*,*,#836,.T.);
#345=ORIENTED_EDGE('',*,*,#832,.T.);
#346=ORIENTED_EDGE('',*,*,#811,.F.);
#347=ORIENTED_EDGE('',*,*,#837,.F.);
#348=ORIENTED_EDGE('',*,*,#838,.T.);
#349=ORIENTED_EDGE('',*,*,#835,.T.);
#350=ORIENTED_EDGE('',*,*,#810,.F.);
#351=ORIENTED_EDGE('',*,*,#839,.F.);
#352=ORIENTED_EDGE('',*,*,#840,.T.);
#353=ORIENTED_EDGE('',*,*,#837,.T.);
#354=ORIENTED_EDGE('',*,*,#809,.F.);
#355=ORIENTED_EDGE('',*,*,#841,.F.);
#356=ORIENTED_EDGE('',*,*,#842,.T.);
#357=ORIENTED_EDGE('',*,*,#839,.T.);
#358=ORIENTED_EDGE('',*,*,#808,.F.);
#359=ORIENTED_EDGE('',*,*,#843,.F.);
#360=ORIENTED_EDGE('',*,*,#844,.T.);
#361=ORIENTED_EDGE('',*,*,#841,.T.);
#362=ORIENTED_EDGE('',*,*,#807,.T.);
#363=ORIENTED_EDGE('',*,*,#845,.F.);
#364=ORIENTED_EDGE('',*,*,#846,.F.);
#365=ORIENTED_EDGE('',*,*,#843,.T.);
#366=ORIENTED_EDGE('',*,*,#806,.F.);
#367=ORIENTED_EDGE('',*,*,#834,.F.);
#368=ORIENTED_EDGE('',*,*,#847,.T.);
#369=ORIENTED_EDGE('',*,*,#845,.T.);
#370=ORIENTED_EDGE('',*,*,#673,.F.);
#371=ORIENTED_EDGE('',*,*,#670,.F.);
#372=ORIENTED_EDGE('',*,*,#691,.F.);
#373=ORIENTED_EDGE('',*,*,#687,.T.);
#374=ORIENTED_EDGE('',*,*,#685,.F.);
#375=ORIENTED_EDGE('',*,*,#681,.T.);
#376=ORIENTED_EDGE('',*,*,#679,.F.);
#377=ORIENTED_EDGE('',*,*,#676,.F.);
#378=ORIENTED_EDGE('',*,*,#697,.F.);
#379=ORIENTED_EDGE('',*,*,#694,.F.);
#380=ORIENTED_EDGE('',*,*,#715,.F.);
#381=ORIENTED_EDGE('',*,*,#711,.T.);
#382=ORIENTED_EDGE('',*,*,#709,.F.);
#383=ORIENTED_EDGE('',*,*,#705,.T.);
#384=ORIENTED_EDGE('',*,*,#703,.F.);
#385=ORIENTED_EDGE('',*,*,#700,.F.);
#386=ORIENTED_EDGE('',*,*,#721,.F.);
#387=ORIENTED_EDGE('',*,*,#718,.F.);
#388=ORIENTED_EDGE('',*,*,#739,.F.);
#389=ORIENTED_EDGE('',*,*,#735,.T.);
#390=ORIENTED_EDGE('',*,*,#733,.F.);
#391=ORIENTED_EDGE('',*,*,#729,.T.);
#392=ORIENTED_EDGE('',*,*,#727,.F.);
#393=ORIENTED_EDGE('',*,*,#724,.F.);
#394=ORIENTED_EDGE('',*,*,#745,.F.);
#395=ORIENTED_EDGE('',*,*,#742,.F.);
#396=ORIENTED_EDGE('',*,*,#763,.F.);
#397=ORIENTED_EDGE('',*,*,#759,.T.);
#398=ORIENTED_EDGE('',*,*,#757,.F.);
#399=ORIENTED_EDGE('',*,*,#753,.T.);
#400=ORIENTED_EDGE('',*,*,#751,.F.);
#401=ORIENTED_EDGE('',*,*,#748,.F.);
#402=ORIENTED_EDGE('',*,*,#848,.F.);
#403=ORIENTED_EDGE('',*,*,#849,.F.);
#404=ORIENTED_EDGE('',*,*,#850,.F.);
#405=ORIENTED_EDGE('',*,*,#851,.T.);
#406=ORIENTED_EDGE('',*,*,#852,.F.);
#407=ORIENTED_EDGE('',*,*,#853,.T.);
#408=ORIENTED_EDGE('',*,*,#854,.F.);
#409=ORIENTED_EDGE('',*,*,#855,.F.);
#410=ORIENTED_EDGE('',*,*,#833,.T.);
#411=ORIENTED_EDGE('',*,*,#836,.F.);
#412=ORIENTED_EDGE('',*,*,#838,.F.);
#413=ORIENTED_EDGE('',*,*,#840,.F.);
#414=ORIENTED_EDGE('',*,*,#842,.F.);
#415=ORIENTED_EDGE('',*,*,#844,.F.);
#416=ORIENTED_EDGE('',*,*,#846,.T.);
#417=ORIENTED_EDGE('',*,*,#847,.F.);
#418=ORIENTED_EDGE('',*,*,#813,.T.);
#419=ORIENTED_EDGE('',*,*,#856,.F.);
#420=ORIENTED_EDGE('',*,*,#795,.F.);
#421=ORIENTED_EDGE('',*,*,#857,.T.);
#422=ORIENTED_EDGE('',*,*,#814,.F.);
#423=ORIENTED_EDGE('',*,*,#857,.F.);
#424=ORIENTED_EDGE('',*,*,#794,.T.);
#425=ORIENTED_EDGE('',*,*,#858,.T.);
#426=ORIENTED_EDGE('',*,*,#815,.F.);
#427=ORIENTED_EDGE('',*,*,#858,.F.);
#428=ORIENTED_EDGE('',*,*,#793,.T.);
#429=ORIENTED_EDGE('',*,*,#859,.T.);
#430=ORIENTED_EDGE('',*,*,#816,.T.);
#431=ORIENTED_EDGE('',*,*,#859,.F.);
#432=ORIENTED_EDGE('',*,*,#792,.F.);
#433=ORIENTED_EDGE('',*,*,#860,.T.);
#434=ORIENTED_EDGE('',*,*,#817,.F.);
#435=ORIENTED_EDGE('',*,*,#860,.F.);
#436=ORIENTED_EDGE('',*,*,#861,.F.);
#437=ORIENTED_EDGE('',*,*,#862,.T.);
#438=ORIENTED_EDGE('',*,*,#863,.T.);
#439=ORIENTED_EDGE('',*,*,#864,.T.);
#440=ORIENTED_EDGE('',*,*,#865,.F.);
#441=ORIENTED_EDGE('',*,*,#866,.T.);
#442=ORIENTED_EDGE('',*,*,#867,.T.);
#443=ORIENTED_EDGE('',*,*,#868,.T.);
#444=ORIENTED_EDGE('',*,*,#818,.T.);
#445=ORIENTED_EDGE('',*,*,#868,.F.);
#446=ORIENTED_EDGE('',*,*,#781,.F.);
#447=ORIENTED_EDGE('',*,*,#869,.T.);
#448=ORIENTED_EDGE('',*,*,#819,.F.);
#449=ORIENTED_EDGE('',*,*,#869,.F.);
#450=ORIENTED_EDGE('',*,*,#780,.T.);
#451=ORIENTED_EDGE('',*,*,#870,.T.);
#452=ORIENTED_EDGE('',*,*,#820,.T.);
#453=ORIENTED_EDGE('',*,*,#870,.F.);
#454=ORIENTED_EDGE('',*,*,#779,.F.);
#455=ORIENTED_EDGE('',*,*,#871,.T.);
#456=ORIENTED_EDGE('',*,*,#821,.F.);
#457=ORIENTED_EDGE('',*,*,#871,.F.);
#458=ORIENTED_EDGE('',*,*,#872,.F.);
#459=ORIENTED_EDGE('',*,*,#873,.T.);
#460=ORIENTED_EDGE('',*,*,#874,.T.);
#461=ORIENTED_EDGE('',*,*,#783,.T.);
#462=ORIENTED_EDGE('',*,*,#875,.F.);
#463=ORIENTED_EDGE('',*,*,#876,.T.);
#464=ORIENTED_EDGE('',*,*,#877,.T.);
#465=ORIENTED_EDGE('',*,*,#878,.T.);
#466=ORIENTED_EDGE('',*,*,#822,.T.);
#467=ORIENTED_EDGE('',*,*,#878,.F.);
#468=ORIENTED_EDGE('',*,*,#785,.F.);
#469=ORIENTED_EDGE('',*,*,#879,.T.);
#470=ORIENTED_EDGE('',*,*,#823,.F.);
#471=ORIENTED_EDGE('',*,*,#879,.F.);
#472=ORIENTED_EDGE('',*,*,#790,.T.);
#473=ORIENTED_EDGE('',*,*,#880,.T.);
#474=ORIENTED_EDGE('',*,*,#824,.F.);
#475=ORIENTED_EDGE('',*,*,#880,.F.);
#476=ORIENTED_EDGE('',*,*,#789,.T.);
#477=ORIENTED_EDGE('',*,*,#881,.T.);
#478=ORIENTED_EDGE('',*,*,#825,.T.);
#479=ORIENTED_EDGE('',*,*,#881,.F.);
#480=ORIENTED_EDGE('',*,*,#788,.F.);
#481=ORIENTED_EDGE('',*,*,#882,.T.);
#482=ORIENTED_EDGE('',*,*,#826,.F.);
#483=ORIENTED_EDGE('',*,*,#882,.F.);
#484=ORIENTED_EDGE('',*,*,#787,.T.);
#485=ORIENTED_EDGE('',*,*,#773,.T.);
#486=ORIENTED_EDGE('',*,*,#827,.F.);
#487=ORIENTED_EDGE('',*,*,#771,.F.);
#488=ORIENTED_EDGE('',*,*,#777,.T.);
#489=ORIENTED_EDGE('',*,*,#883,.T.);
#490=ORIENTED_EDGE('',*,*,#828,.T.);
#491=ORIENTED_EDGE('',*,*,#883,.F.);
#492=ORIENTED_EDGE('',*,*,#776,.F.);
#493=ORIENTED_EDGE('',*,*,#884,.T.);
#494=ORIENTED_EDGE('',*,*,#829,.F.);
#495=ORIENTED_EDGE('',*,*,#884,.F.);
#496=ORIENTED_EDGE('',*,*,#775,.T.);
#497=ORIENTED_EDGE('',*,*,#885,.T.);
#498=ORIENTED_EDGE('',*,*,#886,.F.);
#499=ORIENTED_EDGE('',*,*,#887,.T.);
#500=ORIENTED_EDGE('',*,*,#888,.T.);
#501=ORIENTED_EDGE('',*,*,#889,.T.);
#502=ORIENTED_EDGE('',*,*,#830,.T.);
#503=ORIENTED_EDGE('',*,*,#885,.F.);
#504=ORIENTED_EDGE('',*,*,#890,.F.);
#505=ORIENTED_EDGE('',*,*,#891,.T.);
#506=ORIENTED_EDGE('',*,*,#892,.T.);
#507=ORIENTED_EDGE('',*,*,#893,.F.);
#508=ORIENTED_EDGE('',*,*,#831,.F.);
#509=ORIENTED_EDGE('',*,*,#889,.F.);
#510=ORIENTED_EDGE('',*,*,#796,.T.);
#511=ORIENTED_EDGE('',*,*,#856,.T.);
#512=ORIENTED_EDGE('',*,*,#893,.T.);
#513=ORIENTED_EDGE('',*,*,#894,.T.);
#514=ORIENTED_EDGE('',*,*,#864,.F.);
#515=ORIENTED_EDGE('',*,*,#895,.T.);
#516=ORIENTED_EDGE('',*,*,#896,.F.);
#517=ORIENTED_EDGE('',*,*,#897,.T.);
#518=ORIENTED_EDGE('',*,*,#898,.F.);
#519=ORIENTED_EDGE('',*,*,#861,.T.);
#520=ORIENTED_EDGE('',*,*,#791,.T.);
#521=ORIENTED_EDGE('',*,*,#888,.F.);
#522=ORIENTED_EDGE('',*,*,#899,.T.);
#523=ORIENTED_EDGE('',*,*,#900,.T.);
#524=ORIENTED_EDGE('',*,*,#901,.T.);
#525=ORIENTED_EDGE('',*,*,#902,.T.);
#526=ORIENTED_EDGE('',*,*,#903,.T.);
#527=ORIENTED_EDGE('',*,*,#886,.T.);
#528=ORIENTED_EDGE('',*,*,#895,.F.);
#529=ORIENTED_EDGE('',*,*,#863,.F.);
#530=ORIENTED_EDGE('',*,*,#898,.T.);
#531=ORIENTED_EDGE('',*,*,#904,.T.);
#532=ORIENTED_EDGE('',*,*,#900,.F.);
#533=ORIENTED_EDGE('',*,*,#862,.F.);
#534=ORIENTED_EDGE('',*,*,#905,.F.);
#535=ORIENTED_EDGE('',*,*,#906,.T.);
#536=ORIENTED_EDGE('',*,*,#907,.T.);
#537=ORIENTED_EDGE('',*,*,#908,.T.);
#538=ORIENTED_EDGE('',*,*,#768,.T.);
#539=ORIENTED_EDGE('',*,*,#784,.T.);
#540=ORIENTED_EDGE('',*,*,#874,.F.);
#541=ORIENTED_EDGE('',*,*,#909,.F.);
#542=ORIENTED_EDGE('',*,*,#910,.T.);
#543=ORIENTED_EDGE('',*,*,#911,.T.);
#544=ORIENTED_EDGE('',*,*,#872,.T.);
#545=ORIENTED_EDGE('',*,*,#778,.F.);
#546=ORIENTED_EDGE('',*,*,#770,.F.);
#547=ORIENTED_EDGE('',*,*,#912,.T.);
#548=ORIENTED_EDGE('',*,*,#911,.F.);
#549=ORIENTED_EDGE('',*,*,#913,.T.);
#550=ORIENTED_EDGE('',*,*,#905,.T.);
#551=ORIENTED_EDGE('',*,*,#873,.F.);
#552=ORIENTED_EDGE('',*,*,#914,.T.);
#553=ORIENTED_EDGE('',*,*,#915,.T.);
#554=ORIENTED_EDGE('',*,*,#916,.T.);
#555=ORIENTED_EDGE('',*,*,#917,.T.);
#556=ORIENTED_EDGE('',*,*,#764,.T.);
#557=ORIENTED_EDGE('',*,*,#786,.F.);
#558=ORIENTED_EDGE('',*,*,#877,.F.);
#559=ORIENTED_EDGE('',*,*,#918,.F.);
#560=ORIENTED_EDGE('',*,*,#919,.T.);
#561=ORIENTED_EDGE('',*,*,#920,.F.);
#562=ORIENTED_EDGE('',*,*,#875,.T.);
#563=ORIENTED_EDGE('',*,*,#782,.T.);
#564=ORIENTED_EDGE('',*,*,#766,.F.);
#565=ORIENTED_EDGE('',*,*,#921,.T.);
#566=ORIENTED_EDGE('',*,*,#920,.T.);
#567=ORIENTED_EDGE('',*,*,#922,.T.);
#568=ORIENTED_EDGE('',*,*,#914,.F.);
#569=ORIENTED_EDGE('',*,*,#876,.F.);
#570=ORIENTED_EDGE('',*,*,#923,.F.);
#571=ORIENTED_EDGE('',*,*,#924,.T.);
#572=ORIENTED_EDGE('',*,*,#925,.T.);
#573=ORIENTED_EDGE('',*,*,#926,.T.);
#574=ORIENTED_EDGE('',*,*,#890,.T.);
#575=ORIENTED_EDGE('',*,*,#774,.T.);
#576=ORIENTED_EDGE('',*,*,#867,.F.);
#577=ORIENTED_EDGE('',*,*,#927,.F.);
#578=ORIENTED_EDGE('',*,*,#928,.T.);
#579=ORIENTED_EDGE('',*,*,#929,.T.);
#580=ORIENTED_EDGE('',*,*,#865,.T.);
#581=ORIENTED_EDGE('',*,*,#894,.F.);
#582=ORIENTED_EDGE('',*,*,#892,.F.);
#583=ORIENTED_EDGE('',*,*,#930,.T.);
#584=ORIENTED_EDGE('',*,*,#929,.F.);
#585=ORIENTED_EDGE('',*,*,#931,.T.);
#586=ORIENTED_EDGE('',*,*,#923,.T.);
#587=ORIENTED_EDGE('',*,*,#866,.F.);
#588=ORIENTED_EDGE('',*,*,#902,.F.);
#589=ORIENTED_EDGE('',*,*,#932,.T.);
#590=ORIENTED_EDGE('',*,*,#896,.T.);
#591=ORIENTED_EDGE('',*,*,#933,.F.);
#592=ORIENTED_EDGE('',*,*,#925,.F.);
#593=ORIENTED_EDGE('',*,*,#934,.T.);
#594=ORIENTED_EDGE('',*,*,#927,.T.);
#595=ORIENTED_EDGE('',*,*,#935,.F.);
#596=ORIENTED_EDGE('',*,*,#903,.F.);
#597=ORIENTED_EDGE('',*,*,#933,.T.);
#598=ORIENTED_EDGE('',*,*,#899,.F.);
#599=ORIENTED_EDGE('',*,*,#887,.F.);
#600=ORIENTED_EDGE('',*,*,#926,.F.);
#601=ORIENTED_EDGE('',*,*,#935,.T.);
#602=ORIENTED_EDGE('',*,*,#930,.F.);
#603=ORIENTED_EDGE('',*,*,#891,.F.);
#604=ORIENTED_EDGE('',*,*,#897,.F.);
#605=ORIENTED_EDGE('',*,*,#932,.F.);
#606=ORIENTED_EDGE('',*,*,#901,.F.);
#607=ORIENTED_EDGE('',*,*,#904,.F.);
#608=ORIENTED_EDGE('',*,*,#928,.F.);
#609=ORIENTED_EDGE('',*,*,#934,.F.);
#610=ORIENTED_EDGE('',*,*,#924,.F.);
#611=ORIENTED_EDGE('',*,*,#931,.F.);
#612=ORIENTED_EDGE('',*,*,#916,.F.);
#613=ORIENTED_EDGE('',*,*,#936,.T.);
#614=ORIENTED_EDGE('',*,*,#918,.T.);
#615=ORIENTED_EDGE('',*,*,#937,.T.);
#616=ORIENTED_EDGE('',*,*,#907,.F.);
#617=ORIENTED_EDGE('',*,*,#938,.T.);
#618=ORIENTED_EDGE('',*,*,#909,.T.);
#619=ORIENTED_EDGE('',*,*,#939,.T.);
#620=ORIENTED_EDGE('',*,*,#921,.F.);
#621=ORIENTED_EDGE('',*,*,#765,.F.);
#622=ORIENTED_EDGE('',*,*,#917,.F.);
#623=ORIENTED_EDGE('',*,*,#937,.F.);
#624=ORIENTED_EDGE('',*,*,#912,.F.);
#625=ORIENTED_EDGE('',*,*,#769,.F.);
#626=ORIENTED_EDGE('',*,*,#908,.F.);
#627=ORIENTED_EDGE('',*,*,#939,.F.);
#628=ORIENTED_EDGE('',*,*,#915,.F.);
#629=ORIENTED_EDGE('',*,*,#922,.F.);
#630=ORIENTED_EDGE('',*,*,#919,.F.);
#631=ORIENTED_EDGE('',*,*,#936,.F.);
#632=ORIENTED_EDGE('',*,*,#906,.F.);
#633=ORIENTED_EDGE('',*,*,#913,.F.);
#634=ORIENTED_EDGE('',*,*,#910,.F.);
#635=ORIENTED_EDGE('',*,*,#938,.F.);
#636=ORIENTED_EDGE('',*,*,#798,.T.);
#637=ORIENTED_EDGE('',*,*,#940,.T.);
#638=ORIENTED_EDGE('',*,*,#848,.T.);
#639=ORIENTED_EDGE('',*,*,#941,.F.);
#640=ORIENTED_EDGE('',*,*,#799,.T.);
#641=ORIENTED_EDGE('',*,*,#941,.T.);
#642=ORIENTED_EDGE('',*,*,#855,.T.);
#643=ORIENTED_EDGE('',*,*,#942,.F.);
#644=ORIENTED_EDGE('',*,*,#800,.T.);
#645=ORIENTED_EDGE('',*,*,#942,.T.);
#646=ORIENTED_EDGE('',*,*,#854,.T.);
#647=ORIENTED_EDGE('',*,*,#943,.F.);
#648=ORIENTED_EDGE('',*,*,#943,.T.);
#649=ORIENTED_EDGE('',*,*,#853,.F.);
#650=ORIENTED_EDGE('',*,*,#944,.F.);
#651=ORIENTED_EDGE('',*,*,#801,.F.);
#652=ORIENTED_EDGE('',*,*,#802,.T.);
#653=ORIENTED_EDGE('',*,*,#944,.T.);
#654=ORIENTED_EDGE('',*,*,#852,.T.);
#655=ORIENTED_EDGE('',*,*,#945,.F.);
#656=ORIENTED_EDGE('',*,*,#945,.T.);
#657=ORIENTED_EDGE('',*,*,#851,.F.);
#658=ORIENTED_EDGE('',*,*,#946,.F.);
#659=ORIENTED_EDGE('',*,*,#803,.F.);
#660=ORIENTED_EDGE('',*,*,#797,.T.);
#661=ORIENTED_EDGE('',*,*,#947,.T.);
#662=ORIENTED_EDGE('',*,*,#849,.T.);
#663=ORIENTED_EDGE('',*,*,#940,.F.);
#664=ORIENTED_EDGE('',*,*,#804,.T.);
#665=ORIENTED_EDGE('',*,*,#946,.T.);
#666=ORIENTED_EDGE('',*,*,#850,.T.);
#667=ORIENTED_EDGE('',*,*,#947,.F.);
#668=EDGE_CURVE('',#948,#949,#1132,.T.);
#669=EDGE_CURVE('',#949,#950,#1133,.T.);
#670=EDGE_CURVE('',#950,#951,#1134,.T.);
#671=EDGE_CURVE('',#948,#951,#1135,.T.);
#672=EDGE_CURVE('',#952,#948,#12,.F.);
#673=EDGE_CURVE('',#951,#953,#13,.T.);
#674=EDGE_CURVE('',#952,#953,#1136,.T.);
#675=EDGE_CURVE('',#954,#952,#1137,.T.);
#676=EDGE_CURVE('',#953,#955,#1138,.T.);
#677=EDGE_CURVE('',#954,#955,#1139,.T.);
#678=EDGE_CURVE('',#956,#954,#14,.F.);
#679=EDGE_CURVE('',#955,#957,#15,.T.);
#680=EDGE_CURVE('',#956,#957,#1140,.T.);
#681=EDGE_CURVE('',#958,#957,#1141,.T.);
#682=EDGE_CURVE('',#959,#958,#1142,.T.);
#683=EDGE_CURVE('',#956,#959,#1143,.T.);
#684=EDGE_CURVE('',#960,#959,#16,.F.);
#685=EDGE_CURVE('',#958,#961,#17,.T.);
#686=EDGE_CURVE('',#960,#961,#1144,.T.);
#687=EDGE_CURVE('',#962,#961,#1145,.T.);
#688=EDGE_CURVE('',#963,#962,#1146,.T.);
#689=EDGE_CURVE('',#960,#963,#1147,.T.);
#690=EDGE_CURVE('',#949,#963,#18,.F.);
#691=EDGE_CURVE('',#962,#950,#19,.T.);
#692=EDGE_CURVE('',#964,#965,#1148,.T.);
#693=EDGE_CURVE('',#965,#966,#1149,.T.);
#694=EDGE_CURVE('',#966,#967,#1150,.T.);
#695=EDGE_CURVE('',#964,#967,#1151,.T.);
#696=EDGE_CURVE('',#968,#964,#20,.F.);
#697=EDGE_CURVE('',#967,#969,#21,.T.);
#698=EDGE_CURVE('',#968,#969,#1152,.T.);
#699=EDGE_CURVE('',#970,#968,#1153,.T.);
#700=EDGE_CURVE('',#969,#971,#1154,.T.);
#701=EDGE_CURVE('',#970,#971,#1155,.T.);
#702=EDGE_CURVE('',#972,#970,#22,.F.);
#703=EDGE_CURVE('',#971,#973,#23,.T.);
#704=EDGE_CURVE('',#972,#973,#1156,.T.);
#705=EDGE_CURVE('',#974,#973,#1157,.T.);
#706=EDGE_CURVE('',#975,#974,#1158,.T.);
#707=EDGE_CURVE('',#972,#975,#1159,.T.);
#708=EDGE_CURVE('',#976,#975,#24,.F.);
#709=EDGE_CURVE('',#974,#977,#25,.T.);
#710=EDGE_CURVE('',#976,#977,#1160,.T.);
#711=EDGE_CURVE('',#978,#977,#1161,.T.);
#712=EDGE_CURVE('',#979,#978,#1162,.T.);
#713=EDGE_CURVE('',#976,#979,#1163,.T.);
#714=EDGE_CURVE('',#965,#979,#26,.F.);
#715=EDGE_CURVE('',#978,#966,#27,.T.);
#716=EDGE_CURVE('',#980,#981,#1164,.T.);
#717=EDGE_CURVE('',#981,#982,#1165,.T.);
#718=EDGE_CURVE('',#982,#983,#1166,.T.);
#719=EDGE_CURVE('',#980,#983,#1167,.T.);
#720=EDGE_CURVE('',#984,#980,#28,.F.);
#721=EDGE_CURVE('',#983,#985,#29,.T.);
#722=EDGE_CURVE('',#984,#985,#1168,.T.);
#723=EDGE_CURVE('',#986,#984,#1169,.T.);
#724=EDGE_CURVE('',#985,#987,#1170,.T.);
#725=EDGE_CURVE('',#986,#987,#1171,.T.);
#726=EDGE_CURVE('',#988,#986,#30,.F.);
#727=EDGE_CURVE('',#987,#989,#31,.T.);
#728=EDGE_CURVE('',#988,#989,#1172,.T.);
#729=EDGE_CURVE('',#990,#989,#1173,.T.);
#730=EDGE_CURVE('',#991,#990,#1174,.T.);
#731=EDGE_CURVE('',#988,#991,#1175,.T.);
#732=EDGE_CURVE('',#992,#991,#32,.F.);
#733=EDGE_CURVE('',#990,#993,#33,.T.);
#734=EDGE_CURVE('',#992,#993,#1176,.T.);
#735=EDGE_CURVE('',#994,#993,#1177,.T.);
#736=EDGE_CURVE('',#995,#994,#1178,.T.);
#737=EDGE_CURVE('',#992,#995,#1179,.T.);
#738=EDGE_CURVE('',#981,#995,#34,.F.);
#739=EDGE_CURVE('',#994,#982,#35,.T.);
#740=EDGE_CURVE('',#996,#997,#1180,.T.);
#741=EDGE_CURVE('',#997,#998,#1181,.T.);
#742=EDGE_CURVE('',#998,#999,#1182,.T.);
#743=EDGE_CURVE('',#996,#999,#1183,.T.);
#744=EDGE_CURVE('',#1000,#996,#36,.F.);
#745=EDGE_CURVE('',#999,#1001,#37,.T.);
#746=EDGE_CURVE('',#1000,#1001,#1184,.T.);
#747=EDGE_CURVE('',#1002,#1000,#1185,.T.);
#748=EDGE_CURVE('',#1001,#1003,#1186,.T.);
#749=EDGE_CURVE('',#1002,#1003,#1187,.T.);
#750=EDGE_CURVE('',#1004,#1002,#38,.F.);
#751=EDGE_CURVE('',#1003,#1005,#39,.T.);
#752=EDGE_CURVE('',#1004,#1005,#1188,.T.);
#753=EDGE_CURVE('',#1006,#1005,#1189,.T.);
#754=EDGE_CURVE('',#1007,#1006,#1190,.T.);
#755=EDGE_CURVE('',#1004,#1007,#1191,.T.);
#756=EDGE_CURVE('',#1008,#1007,#40,.F.);
#757=EDGE_CURVE('',#1006,#1009,#41,.T.);
#758=EDGE_CURVE('',#1008,#1009,#1192,.T.);
#759=EDGE_CURVE('',#1010,#1009,#1193,.T.);
#760=EDGE_CURVE('',#1011,#1010,#1194,.T.);
#761=EDGE_CURVE('',#1008,#1011,#1195,.T.);
#762=EDGE_CURVE('',#997,#1011,#42,.F.);
#763=EDGE_CURVE('',#1010,#998,#43,.T.);
#764=EDGE_CURVE('',#1012,#1013,#1196,.T.);
#765=EDGE_CURVE('',#1012,#1014,#1197,.T.);
#766=EDGE_CURVE('',#1014,#1015,#1198,.T.);
#767=EDGE_CURVE('',#1016,#1015,#1199,.T.);
#768=EDGE_CURVE('',#1017,#1016,#1200,.T.);
#769=EDGE_CURVE('',#1017,#1018,#1201,.T.);
#770=EDGE_CURVE('',#1018,#1019,#1202,.T.);
#771=EDGE_CURVE('',#1019,#1020,#1203,.T.);
#772=EDGE_CURVE('',#1020,#1021,#1204,.T.);
#773=EDGE_CURVE('',#1013,#1021,#1205,.T.);
#774=EDGE_CURVE('',#1022,#1023,#1206,.T.);
#775=EDGE_CURVE('',#1024,#1022,#44,.T.);
#776=EDGE_CURVE('',#1024,#1025,#1207,.T.);
#777=EDGE_CURVE('',#1019,#1025,#45,.T.);
#778=EDGE_CURVE('',#1019,#1026,#1208,.T.);
#779=EDGE_CURVE('',#1026,#1027,#46,.T.);
#780=EDGE_CURVE('',#1028,#1027,#1209,.T.);
#781=EDGE_CURVE('',#1028,#1023,#47,.T.);
#782=EDGE_CURVE('',#1029,#1015,#1210,.T.);
#783=EDGE_CURVE('',#1030,#1029,#1211,.T.);
#784=EDGE_CURVE('',#1016,#1030,#1212,.T.);
#785=EDGE_CURVE('',#1031,#1032,#48,.T.);
#786=EDGE_CURVE('',#1032,#1013,#1213,.T.);
#787=EDGE_CURVE('',#1033,#1013,#49,.T.);
#788=EDGE_CURVE('',#1033,#1034,#1214,.T.);
#789=EDGE_CURVE('',#1035,#1034,#1215,.T.);
#790=EDGE_CURVE('',#1031,#1035,#1216,.T.);
#791=EDGE_CURVE('',#1036,#1037,#1217,.T.);
#792=EDGE_CURVE('',#1036,#1038,#50,.T.);
#793=EDGE_CURVE('',#1039,#1038,#1218,.T.);
#794=EDGE_CURVE('',#1040,#1039,#1219,.T.);
#795=EDGE_CURVE('',#1040,#1041,#1220,.T.);
#796=EDGE_CURVE('',#1037,#1041,#51,.T.);
#797=EDGE_CURVE('',#1042,#1043,#1221,.T.);
#798=EDGE_CURVE('',#1044,#1042,#52,.F.);
#799=EDGE_CURVE('',#1045,#1044,#1222,.T.);
#800=EDGE_CURVE('',#1046,#1045,#53,.F.);
#801=EDGE_CURVE('',#1046,#1047,#1223,.T.);
#802=EDGE_CURVE('',#1048,#1047,#54,.F.);
#803=EDGE_CURVE('',#1048,#1049,#1224,.T.);
#804=EDGE_CURVE('',#1043,#1049,#55,.F.);
#805=EDGE_CURVE('',#1050,#1051,#1225,.T.);
#806=EDGE_CURVE('',#1050,#1052,#56,.F.);
#807=EDGE_CURVE('',#1053,#1052,#1226,.T.);
#808=EDGE_CURVE('',#1053,#1054,#57,.F.);
#809=EDGE_CURVE('',#1054,#1055,#1227,.T.);
#810=EDGE_CURVE('',#1055,#1056,#58,.F.);
#811=EDGE_CURVE('',#1056,#1057,#1228,.T.);
#812=EDGE_CURVE('',#1057,#1051,#59,.F.);
#813=EDGE_CURVE('',#1058,#1059,#1229,.T.);
#814=EDGE_CURVE('',#1058,#1060,#1230,.T.);
#815=EDGE_CURVE('',#1060,#1061,#1231,.T.);
#816=EDGE_CURVE('',#1062,#1061,#60,.T.);
#817=EDGE_CURVE('',#1062,#1063,#1232,.T.);
#818=EDGE_CURVE('',#1064,#1063,#61,.T.);
#819=EDGE_CURVE('',#1064,#1065,#1233,.T.);
#820=EDGE_CURVE('',#1066,#1065,#62,.T.);
#821=EDGE_CURVE('',#1066,#1067,#1234,.T.);
#822=EDGE_CURVE('',#1068,#1067,#63,.T.);
#823=EDGE_CURVE('',#1068,#1069,#1235,.T.);
#824=EDGE_CURVE('',#1069,#1070,#1236,.T.);
#825=EDGE_CURVE('',#1071,#1070,#1237,.T.);
#826=EDGE_CURVE('',#1071,#1021,#64,.T.);
#827=EDGE_CURVE('',#1020,#1072,#65,.T.);
#828=EDGE_CURVE('',#1073,#1072,#1238,.T.);
#829=EDGE_CURVE('',#1073,#1074,#66,.T.);
#830=EDGE_CURVE('',#1075,#1074,#1239,.T.);
#831=EDGE_CURVE('',#1075,#1059,#67,.T.);
#832=EDGE_CURVE('',#1076,#1051,#1240,.T.);
#833=EDGE_CURVE('',#1077,#1076,#1241,.T.);
#834=EDGE_CURVE('',#1077,#1050,#1242,.T.);
#835=EDGE_CURVE('',#1078,#1057,#1243,.T.);
#836=EDGE_CURVE('',#1078,#1076,#68,.F.);
#837=EDGE_CURVE('',#1079,#1056,#1244,.T.);
#838=EDGE_CURVE('',#1079,#1078,#1245,.T.);
#839=EDGE_CURVE('',#1080,#1055,#1246,.T.);
#840=EDGE_CURVE('',#1080,#1079,#69,.F.);
#841=EDGE_CURVE('',#1081,#1054,#1247,.T.);
#842=EDGE_CURVE('',#1081,#1080,#1248,.T.);
#843=EDGE_CURVE('',#1082,#1053,#1249,.T.);
#844=EDGE_CURVE('',#1082,#1081,#70,.F.);
#845=EDGE_CURVE('',#1083,#1052,#1250,.T.);
#846=EDGE_CURVE('',#1082,#1083,#1251,.T.);
#847=EDGE_CURVE('',#1077,#1083,#71,.F.);
#848=EDGE_CURVE('',#1084,#1085,#72,.T.);
#849=EDGE_CURVE('',#1086,#1084,#1252,.T.);
#850=EDGE_CURVE('',#1087,#1086,#73,.T.);
#851=EDGE_CURVE('',#1087,#1088,#1253,.T.);
#852=EDGE_CURVE('',#1089,#1088,#74,.T.);
#853=EDGE_CURVE('',#1089,#1090,#1254,.T.);
#854=EDGE_CURVE('',#1091,#1090,#75,.T.);
#855=EDGE_CURVE('',#1085,#1091,#1255,.T.);
#856=EDGE_CURVE('',#1041,#1059,#1256,.T.);
#857=EDGE_CURVE('',#1040,#1058,#1257,.T.);
#858=EDGE_CURVE('',#1039,#1060,#1258,.T.);
#859=EDGE_CURVE('',#1038,#1061,#1259,.T.);
#860=EDGE_CURVE('',#1036,#1062,#1260,.T.);
#861=EDGE_CURVE('',#1092,#1036,#1261,.T.);
#862=EDGE_CURVE('',#1092,#1093,#1262,.T.);
#863=EDGE_CURVE('',#1093,#1094,#1263,.T.);
#864=EDGE_CURVE('',#1094,#1095,#1264,.T.);
#865=EDGE_CURVE('',#1096,#1095,#1265,.T.);
#866=EDGE_CURVE('',#1096,#1097,#1266,.T.);
#867=EDGE_CURVE('',#1097,#1023,#1267,.T.);
#868=EDGE_CURVE('',#1023,#1063,#1268,.T.);
#869=EDGE_CURVE('',#1028,#1064,#1269,.T.);
#870=EDGE_CURVE('',#1027,#1065,#1270,.T.);
#871=EDGE_CURVE('',#1026,#1066,#1271,.T.);
#872=EDGE_CURVE('',#1098,#1026,#1272,.T.);
#873=EDGE_CURVE('',#1098,#1099,#1273,.T.);
#874=EDGE_CURVE('',#1099,#1030,#1274,.T.);
#875=EDGE_CURVE('',#1100,#1029,#1275,.T.);
#876=EDGE_CURVE('',#1100,#1101,#1276,.T.);
#877=EDGE_CURVE('',#1101,#1032,#1277,.T.);
#878=EDGE_CURVE('',#1032,#1067,#1278,.T.);
#879=EDGE_CURVE('',#1031,#1068,#1279,.T.);
#880=EDGE_CURVE('',#1035,#1069,#1280,.T.);
#881=EDGE_CURVE('',#1034,#1070,#1281,.T.);
#882=EDGE_CURVE('',#1033,#1071,#1282,.T.);
#883=EDGE_CURVE('',#1025,#1072,#1283,.T.);
#884=EDGE_CURVE('',#1024,#1073,#1284,.T.);
#885=EDGE_CURVE('',#1022,#1074,#1285,.T.);
#886=EDGE_CURVE('',#1102,#1103,#1286,.T.);
#887=EDGE_CURVE('',#1102,#1104,#1287,.T.);
#888=EDGE_CURVE('',#1104,#1037,#1288,.T.);
#889=EDGE_CURVE('',#1037,#1075,#1289,.T.);
#890=EDGE_CURVE('',#1105,#1022,#1290,.T.);
#891=EDGE_CURVE('',#1105,#1106,#1291,.T.);
#892=EDGE_CURVE('',#1106,#1107,#1292,.T.);
#893=EDGE_CURVE('',#1103,#1107,#1293,.T.);
#894=EDGE_CURVE('',#1107,#1095,#1294,.T.);
#895=EDGE_CURVE('',#1094,#1103,#1295,.T.);
#896=EDGE_CURVE('',#1108,#1109,#1296,.T.);
#897=EDGE_CURVE('',#1108,#1110,#1297,.F.);
#898=EDGE_CURVE('',#1092,#1110,#1298,.T.);
#899=EDGE_CURVE('',#1104,#1109,#1299,.T.);
#900=EDGE_CURVE('',#1093,#1111,#1300,.T.);
#901=EDGE_CURVE('',#1111,#1112,#1301,.F.);
#902=EDGE_CURVE('',#1112,#1113,#1302,.T.);
#903=EDGE_CURVE('',#1113,#1102,#1303,.T.);
#904=EDGE_CURVE('',#1110,#1111,#1304,.T.);
#905=EDGE_CURVE('',#1114,#1099,#1305,.T.);
#906=EDGE_CURVE('',#1114,#1115,#1306,.F.);
#907=EDGE_CURVE('',#1115,#1116,#1307,.T.);
#908=EDGE_CURVE('',#1116,#1017,#1308,.F.);
#909=EDGE_CURVE('',#1117,#1118,#1309,.T.);
#910=EDGE_CURVE('',#1117,#1119,#1310,.F.);
#911=EDGE_CURVE('',#1119,#1098,#1311,.T.);
#912=EDGE_CURVE('',#1018,#1118,#1312,.F.);
#913=EDGE_CURVE('',#1119,#1114,#1313,.T.);
#914=EDGE_CURVE('',#1101,#1120,#1314,.T.);
#915=EDGE_CURVE('',#1120,#1121,#1315,.F.);
#916=EDGE_CURVE('',#1121,#1122,#1316,.T.);
#917=EDGE_CURVE('',#1122,#1012,#1317,.F.);
#918=EDGE_CURVE('',#1123,#1124,#1318,.T.);
#919=EDGE_CURVE('',#1123,#1125,#1319,.F.);
#920=EDGE_CURVE('',#1100,#1125,#1320,.T.);
#921=EDGE_CURVE('',#1014,#1124,#1321,.F.);
#922=EDGE_CURVE('',#1125,#1120,#1322,.T.);
#923=EDGE_CURVE('',#1126,#1097,#1323,.T.);
#924=EDGE_CURVE('',#1126,#1127,#1324,.F.);
#925=EDGE_CURVE('',#1127,#1128,#1325,.T.);
#926=EDGE_CURVE('',#1128,#1105,#1326,.T.);
#927=EDGE_CURVE('',#1129,#1130,#1327,.T.);
#928=EDGE_CURVE('',#1129,#1131,#1328,.F.);
#929=EDGE_CURVE('',#1131,#1096,#1329,.T.);
#930=EDGE_CURVE('',#1106,#1130,#1330,.T.);
#931=EDGE_CURVE('',#1131,#1126,#1331,.T.);
#932=EDGE_CURVE('',#1112,#1108,#1332,.T.);
#933=EDGE_CURVE('',#1113,#1109,#1333,.T.);
#934=EDGE_CURVE('',#1127,#1129,#1334,.T.);
#935=EDGE_CURVE('',#1128,#1130,#1335,.T.);
#936=EDGE_CURVE('',#1121,#1123,#1336,.T.);
#937=EDGE_CURVE('',#1124,#1122,#1337,.T.);
#938=EDGE_CURVE('',#1115,#1117,#1338,.T.);
#939=EDGE_CURVE('',#1118,#1116,#1339,.T.);
#940=EDGE_CURVE('',#1042,#1084,#1340,.T.);
#941=EDGE_CURVE('',#1044,#1085,#1341,.T.);
#942=EDGE_CURVE('',#1045,#1091,#1342,.T.);
#943=EDGE_CURVE('',#1046,#1090,#1343,.T.);
#944=EDGE_CURVE('',#1047,#1089,#1344,.T.);
#945=EDGE_CURVE('',#1048,#1088,#1345,.T.);
#946=EDGE_CURVE('',#1049,#1087,#1346,.T.);
#947=EDGE_CURVE('',#1043,#1086,#1347,.T.);
#948=VERTEX_POINT('',#2673);
#949=VERTEX_POINT('',#2674);
#950=VERTEX_POINT('',#2676);
#951=VERTEX_POINT('',#2678);
#952=VERTEX_POINT('',#2682);
#953=VERTEX_POINT('',#2684);
#954=VERTEX_POINT('',#2688);
#955=VERTEX_POINT('',#2690);
#956=VERTEX_POINT('',#2694);
#957=VERTEX_POINT('',#2696);
#958=VERTEX_POINT('',#2700);
#959=VERTEX_POINT('',#2702);
#960=VERTEX_POINT('',#2706);
#961=VERTEX_POINT('',#2708);
#962=VERTEX_POINT('',#2712);
#963=VERTEX_POINT('',#2714);
#964=VERTEX_POINT('',#2721);
#965=VERTEX_POINT('',#2722);
#966=VERTEX_POINT('',#2724);
#967=VERTEX_POINT('',#2726);
#968=VERTEX_POINT('',#2730);
#969=VERTEX_POINT('',#2732);
#970=VERTEX_POINT('',#2736);
#971=VERTEX_POINT('',#2738);
#972=VERTEX_POINT('',#2742);
#973=VERTEX_POINT('',#2744);
#974=VERTEX_POINT('',#2748);
#975=VERTEX_POINT('',#2750);
#976=VERTEX_POINT('',#2754);
#977=VERTEX_POINT('',#2756);
#978=VERTEX_POINT('',#2760);
#979=VERTEX_POINT('',#2762);
#980=VERTEX_POINT('',#2769);
#981=VERTEX_POINT('',#2770);
#982=VERTEX_POINT('',#2772);
#983=VERTEX_POINT('',#2774);
#984=VERTEX_POINT('',#2778);
#985=VERTEX_POINT('',#2780);
#986=VERTEX_POINT('',#2784);
#987=VERTEX_POINT('',#2786);
#988=VERTEX_POINT('',#2790);
#989=VERTEX_POINT('',#2792);
#990=VERTEX_POINT('',#2796);
#991=VERTEX_POINT('',#2798);
#992=VERTEX_POINT('',#2802);
#993=VERTEX_POINT('',#2804);
#994=VERTEX_POINT('',#2808);
#995=VERTEX_POINT('',#2810);
#996=VERTEX_POINT('',#2817);
#997=VERTEX_POINT('',#2818);
#998=VERTEX_POINT('',#2820);
#999=VERTEX_POINT('',#2822);
#1000=VERTEX_POINT('',#2826);
#1001=VERTEX_POINT('',#2828);
#1002=VERTEX_POINT('',#2832);
#1003=VERTEX_POINT('',#2834);
#1004=VERTEX_POINT('',#2838);
#1005=VERTEX_POINT('',#2840);
#1006=VERTEX_POINT('',#2844);
#1007=VERTEX_POINT('',#2846);
#1008=VERTEX_POINT('',#2850);
#1009=VERTEX_POINT('',#2852);
#1010=VERTEX_POINT('',#2856);
#1011=VERTEX_POINT('',#2858);
#1012=VERTEX_POINT('',#2865);
#1013=VERTEX_POINT('',#2866);
#1014=VERTEX_POINT('',#2868);
#1015=VERTEX_POINT('',#2870);
#1016=VERTEX_POINT('',#2872);
#1017=VERTEX_POINT('',#2874);
#1018=VERTEX_POINT('',#2876);
#1019=VERTEX_POINT('',#2878);
#1020=VERTEX_POINT('',#2880);
#1021=VERTEX_POINT('',#2882);
#1022=VERTEX_POINT('',#2886);
#1023=VERTEX_POINT('',#2887);
#1024=VERTEX_POINT('',#2889);
#1025=VERTEX_POINT('',#2891);
#1026=VERTEX_POINT('',#2894);
#1027=VERTEX_POINT('',#2896);
#1028=VERTEX_POINT('',#2898);
#1029=VERTEX_POINT('',#2902);
#1030=VERTEX_POINT('',#2904);
#1031=VERTEX_POINT('',#2908);
#1032=VERTEX_POINT('',#2909);
#1033=VERTEX_POINT('',#2912);
#1034=VERTEX_POINT('',#2914);
#1035=VERTEX_POINT('',#2916);
#1036=VERTEX_POINT('',#2920);
#1037=VERTEX_POINT('',#2921);
#1038=VERTEX_POINT('',#2923);
#1039=VERTEX_POINT('',#2925);
#1040=VERTEX_POINT('',#2927);
#1041=VERTEX_POINT('',#2929);
#1042=VERTEX_POINT('',#2933);
#1043=VERTEX_POINT('',#2934);
#1044=VERTEX_POINT('',#2936);
#1045=VERTEX_POINT('',#2938);
#1046=VERTEX_POINT('',#2940);
#1047=VERTEX_POINT('',#2942);
#1048=VERTEX_POINT('',#2944);
#1049=VERTEX_POINT('',#2946);
#1050=VERTEX_POINT('',#2949);
#1051=VERTEX_POINT('',#2950);
#1052=VERTEX_POINT('',#2952);
#1053=VERTEX_POINT('',#2954);
#1054=VERTEX_POINT('',#2956);
#1055=VERTEX_POINT('',#2958);
#1056=VERTEX_POINT('',#2960);
#1057=VERTEX_POINT('',#2962);
#1058=VERTEX_POINT('',#2965);
#1059=VERTEX_POINT('',#2966);
#1060=VERTEX_POINT('',#2968);
#1061=VERTEX_POINT('',#2970);
#1062=VERTEX_POINT('',#2972);
#1063=VERTEX_POINT('',#2974);
#1064=VERTEX_POINT('',#2976);
#1065=VERTEX_POINT('',#2978);
#1066=VERTEX_POINT('',#2980);
#1067=VERTEX_POINT('',#2982);
#1068=VERTEX_POINT('',#2984);
#1069=VERTEX_POINT('',#2986);
#1070=VERTEX_POINT('',#2988);
#1071=VERTEX_POINT('',#2990);
#1072=VERTEX_POINT('',#2993);
#1073=VERTEX_POINT('',#2995);
#1074=VERTEX_POINT('',#2997);
#1075=VERTEX_POINT('',#2999);
#1076=VERTEX_POINT('',#3003);
#1077=VERTEX_POINT('',#3005);
#1078=VERTEX_POINT('',#3009);
#1079=VERTEX_POINT('',#3013);
#1080=VERTEX_POINT('',#3017);
#1081=VERTEX_POINT('',#3021);
#1082=VERTEX_POINT('',#3025);
#1083=VERTEX_POINT('',#3029);
#1084=VERTEX_POINT('',#3035);
#1085=VERTEX_POINT('',#3036);
#1086=VERTEX_POINT('',#3038);
#1087=VERTEX_POINT('',#3040);
#1088=VERTEX_POINT('',#3042);
#1089=VERTEX_POINT('',#3044);
#1090=VERTEX_POINT('',#3046);
#1091=VERTEX_POINT('',#3048);
#1092=VERTEX_POINT('',#3061);
#1093=VERTEX_POINT('',#3063);
#1094=VERTEX_POINT('',#3065);
#1095=VERTEX_POINT('',#3067);
#1096=VERTEX_POINT('',#3069);
#1097=VERTEX_POINT('',#3071);
#1098=VERTEX_POINT('',#3082);
#1099=VERTEX_POINT('',#3084);
#1100=VERTEX_POINT('',#3087);
#1101=VERTEX_POINT('',#3089);
#1102=VERTEX_POINT('',#3109);
#1103=VERTEX_POINT('',#3110);
#1104=VERTEX_POINT('',#3112);
#1105=VERTEX_POINT('',#3116);
#1106=VERTEX_POINT('',#3118);
#1107=VERTEX_POINT('',#3120);
#1108=VERTEX_POINT('',#3128);
#1109=VERTEX_POINT('',#3129);
#1110=VERTEX_POINT('',#3131);
#1111=VERTEX_POINT('',#3136);
#1112=VERTEX_POINT('',#3138);
#1113=VERTEX_POINT('',#3140);
#1114=VERTEX_POINT('',#3146);
#1115=VERTEX_POINT('',#3148);
#1116=VERTEX_POINT('',#3150);
#1117=VERTEX_POINT('',#3154);
#1118=VERTEX_POINT('',#3155);
#1119=VERTEX_POINT('',#3157);
#1120=VERTEX_POINT('',#3164);
#1121=VERTEX_POINT('',#3166);
#1122=VERTEX_POINT('',#3168);
#1123=VERTEX_POINT('',#3172);
#1124=VERTEX_POINT('',#3173);
#1125=VERTEX_POINT('',#3175);
#1126=VERTEX_POINT('',#3182);
#1127=VERTEX_POINT('',#3184);
#1128=VERTEX_POINT('',#3186);
#1129=VERTEX_POINT('',#3190);
#1130=VERTEX_POINT('',#3191);
#1131=VERTEX_POINT('',#3193);
#1132=LINE('',#2672,#1348);
#1133=LINE('',#2675,#1349);
#1134=LINE('',#2677,#1350);
#1135=LINE('',#2679,#1351);
#1136=LINE('',#2685,#1352);
#1137=LINE('',#2687,#1353);
#1138=LINE('',#2689,#1354);
#1139=LINE('',#2691,#1355);
#1140=LINE('',#2697,#1356);
#1141=LINE('',#2699,#1357);
#1142=LINE('',#2701,#1358);
#1143=LINE('',#2703,#1359);
#1144=LINE('',#2709,#1360);
#1145=LINE('',#2711,#1361);
#1146=LINE('',#2713,#1362);
#1147=LINE('',#2715,#1363);
#1148=LINE('',#2720,#1364);
#1149=LINE('',#2723,#1365);
#1150=LINE('',#2725,#1366);
#1151=LINE('',#2727,#1367);
#1152=LINE('',#2733,#1368);
#1153=LINE('',#2735,#1369);
#1154=LINE('',#2737,#1370);
#1155=LINE('',#2739,#1371);
#1156=LINE('',#2745,#1372);
#1157=LINE('',#2747,#1373);
#1158=LINE('',#2749,#1374);
#1159=LINE('',#2751,#1375);
#1160=LINE('',#2757,#1376);
#1161=LINE('',#2759,#1377);
#1162=LINE('',#2761,#1378);
#1163=LINE('',#2763,#1379);
#1164=LINE('',#2768,#1380);
#1165=LINE('',#2771,#1381);
#1166=LINE('',#2773,#1382);
#1167=LINE('',#2775,#1383);
#1168=LINE('',#2781,#1384);
#1169=LINE('',#2783,#1385);
#1170=LINE('',#2785,#1386);
#1171=LINE('',#2787,#1387);
#1172=LINE('',#2793,#1388);
#1173=LINE('',#2795,#1389);
#1174=LINE('',#2797,#1390);
#1175=LINE('',#2799,#1391);
#1176=LINE('',#2805,#1392);
#1177=LINE('',#2807,#1393);
#1178=LINE('',#2809,#1394);
#1179=LINE('',#2811,#1395);
#1180=LINE('',#2816,#1396);
#1181=LINE('',#2819,#1397);
#1182=LINE('',#2821,#1398);
#1183=LINE('',#2823,#1399);
#1184=LINE('',#2829,#1400);
#1185=LINE('',#2831,#1401);
#1186=LINE('',#2833,#1402);
#1187=LINE('',#2835,#1403);
#1188=LINE('',#2841,#1404);
#1189=LINE('',#2843,#1405);
#1190=LINE('',#2845,#1406);
#1191=LINE('',#2847,#1407);
#1192=LINE('',#2853,#1408);
#1193=LINE('',#2855,#1409);
#1194=LINE('',#2857,#1410);
#1195=LINE('',#2859,#1411);
#1196=LINE('',#2864,#1412);
#1197=LINE('',#2867,#1413);
#1198=LINE('',#2869,#1414);
#1199=LINE('',#2871,#1415);
#1200=LINE('',#2873,#1416);
#1201=LINE('',#2875,#1417);
#1202=LINE('',#2877,#1418);
#1203=LINE('',#2879,#1419);
#1204=LINE('',#2881,#1420);
#1205=LINE('',#2883,#1421);
#1206=LINE('',#2885,#1422);
#1207=LINE('',#2890,#1423);
#1208=LINE('',#2893,#1424);
#1209=LINE('',#2897,#1425);
#1210=LINE('',#2901,#1426);
#1211=LINE('',#2903,#1427);
#1212=LINE('',#2905,#1428);
#1213=LINE('',#2910,#1429);
#1214=LINE('',#2913,#1430);
#1215=LINE('',#2915,#1431);
#1216=LINE('',#2917,#1432);
#1217=LINE('',#2919,#1433);
#1218=LINE('',#2924,#1434);
#1219=LINE('',#2926,#1435);
#1220=LINE('',#2928,#1436);
#1221=LINE('',#2932,#1437);
#1222=LINE('',#2937,#1438);
#1223=LINE('',#2941,#1439);
#1224=LINE('',#2945,#1440);
#1225=LINE('',#2948,#1441);
#1226=LINE('',#2953,#1442);
#1227=LINE('',#2957,#1443);
#1228=LINE('',#2961,#1444);
#1229=LINE('',#2964,#1445);
#1230=LINE('',#2967,#1446);
#1231=LINE('',#2969,#1447);
#1232=LINE('',#2973,#1448);
#1233=LINE('',#2977,#1449);
#1234=LINE('',#2981,#1450);
#1235=LINE('',#2985,#1451);
#1236=LINE('',#2987,#1452);
#1237=LINE('',#2989,#1453);
#1238=LINE('',#2994,#1454);
#1239=LINE('',#2998,#1455);
#1240=LINE('',#3002,#1456);
#1241=LINE('',#3004,#1457);
#1242=LINE('',#3006,#1458);
#1243=LINE('',#3008,#1459);
#1244=LINE('',#3012,#1460);
#1245=LINE('',#3014,#1461);
#1246=LINE('',#3016,#1462);
#1247=LINE('',#3020,#1463);
#1248=LINE('',#3022,#1464);
#1249=LINE('',#3024,#1465);
#1250=LINE('',#3028,#1466);
#1251=LINE('',#3030,#1467);
#1252=LINE('',#3037,#1468);
#1253=LINE('',#3041,#1469);
#1254=LINE('',#3045,#1470);
#1255=LINE('',#3049,#1471);
#1256=LINE('',#3051,#1472);
#1257=LINE('',#3052,#1473);
#1258=LINE('',#3054,#1474);
#1259=LINE('',#3056,#1475);
#1260=LINE('',#3058,#1476);
#1261=LINE('',#3060,#1477);
#1262=LINE('',#3062,#1478);
#1263=LINE('',#3064,#1479);
#1264=LINE('',#3066,#1480);
#1265=LINE('',#3068,#1481);
#1266=LINE('',#3070,#1482);
#1267=LINE('',#3072,#1483);
#1268=LINE('',#3073,#1484);
#1269=LINE('',#3075,#1485);
#1270=LINE('',#3077,#1486);
#1271=LINE('',#3079,#1487);
#1272=LINE('',#3081,#1488);
#1273=LINE('',#3083,#1489);
#1274=LINE('',#3085,#1490);
#1275=LINE('',#3086,#1491);
#1276=LINE('',#3088,#1492);
#1277=LINE('',#3090,#1493);
#1278=LINE('',#3091,#1494);
#1279=LINE('',#3093,#1495);
#1280=LINE('',#3095,#1496);
#1281=LINE('',#3097,#1497);
#1282=LINE('',#3099,#1498);
#1283=LINE('',#3102,#1499);
#1284=LINE('',#3104,#1500);
#1285=LINE('',#3106,#1501);
#1286=LINE('',#3108,#1502);
#1287=LINE('',#3111,#1503);
#1288=LINE('',#3113,#1504);
#1289=LINE('',#3114,#1505);
#1290=LINE('',#3115,#1506);
#1291=LINE('',#3117,#1507);
#1292=LINE('',#3119,#1508);
#1293=LINE('',#3121,#1509);
#1294=LINE('',#3124,#1510);
#1295=LINE('',#3125,#1511);
#1296=LINE('',#3127,#1512);
#1297=LINE('',#3130,#1513);
#1298=LINE('',#3132,#1514);
#1299=LINE('',#3133,#1515);
#1300=LINE('',#3135,#1516);
#1301=LINE('',#3137,#1517);
#1302=LINE('',#3139,#1518);
#1303=LINE('',#3141,#1519);
#1304=LINE('',#3143,#1520);
#1305=LINE('',#3145,#1521);
#1306=LINE('',#3147,#1522);
#1307=LINE('',#3149,#1523);
#1308=LINE('',#3151,#1524);
#1309=LINE('',#3153,#1525);
#1310=LINE('',#3156,#1526);
#1311=LINE('',#3158,#1527);
#1312=LINE('',#3159,#1528);
#1313=LINE('',#3161,#1529);
#1314=LINE('',#3163,#1530);
#1315=LINE('',#3165,#1531);
#1316=LINE('',#3167,#1532);
#1317=LINE('',#3169,#1533);
#1318=LINE('',#3171,#1534);
#1319=LINE('',#3174,#1535);
#1320=LINE('',#3176,#1536);
#1321=LINE('',#3177,#1537);
#1322=LINE('',#3179,#1538);
#1323=LINE('',#3181,#1539);
#1324=LINE('',#3183,#1540);
#1325=LINE('',#3185,#1541);
#1326=LINE('',#3187,#1542);
#1327=LINE('',#3189,#1543);
#1328=LINE('',#3192,#1544);
#1329=LINE('',#3194,#1545);
#1330=LINE('',#3195,#1546);
#1331=LINE('',#3197,#1547);
#1332=LINE('',#3199,#1548);
#1333=LINE('',#3200,#1549);
#1334=LINE('',#3202,#1550);
#1335=LINE('',#3203,#1551);
#1336=LINE('',#3209,#1552);
#1337=LINE('',#3210,#1553);
#1338=LINE('',#3212,#1554);
#1339=LINE('',#3213,#1555);
#1340=LINE('',#3219,#1556);
#1341=LINE('',#3220,#1557);
#1342=LINE('',#3222,#1558);
#1343=LINE('',#3224,#1559);
#1344=LINE('',#3226,#1560);
#1345=LINE('',#3228,#1561);
#1346=LINE('',#3230,#1562);
#1347=LINE('',#3232,#1563);
#1348=VECTOR('',#2130,1.);
#1349=VECTOR('',#2131,1.);
#1350=VECTOR('',#2132,1.);
#1351=VECTOR('',#2133,1.);
#1352=VECTOR('',#2140,1.);
#1353=VECTOR('',#2143,1.);
#1354=VECTOR('',#2144,1.);
#1355=VECTOR('',#2145,1.);
#1356=VECTOR('',#2152,1.);
#1357=VECTOR('',#2155,1.);
#1358=VECTOR('',#2156,1.);
#1359=VECTOR('',#2157,1.);
#1360=VECTOR('',#2164,1.);
#1361=VECTOR('',#2167,1.);
#1362=VECTOR('',#2168,1.);
#1363=VECTOR('',#2169,1.);
#1364=VECTOR('',#2178,1.);
#1365=VECTOR('',#2179,1.);
#1366=VECTOR('',#2180,1.);
#1367=VECTOR('',#2181,1.);
#1368=VECTOR('',#2188,1.);
#1369=VECTOR('',#2191,1.);
#1370=VECTOR('',#2192,1.);
#1371=VECTOR('',#2193,1.);
#1372=VECTOR('',#2200,1.);
#1373=VECTOR('',#2203,1.);
#1374=VECTOR('',#2204,1.);
#1375=VECTOR('',#2205,1.);
#1376=VECTOR('',#2212,1.);
#1377=VECTOR('',#2215,1.);
#1378=VECTOR('',#2216,1.);
#1379=VECTOR('',#2217,1.);
#1380=VECTOR('',#2226,1.);
#1381=VECTOR('',#2227,1.);
#1382=VECTOR('',#2228,1.);
#1383=VECTOR('',#2229,1.);
#1384=VECTOR('',#2236,1.);
#1385=VECTOR('',#2239,1.);
#1386=VECTOR('',#2240,1.);
#1387=VECTOR('',#2241,1.);
#1388=VECTOR('',#2248,1.);
#1389=VECTOR('',#2251,1.);
#1390=VECTOR('',#2252,1.);
#1391=VECTOR('',#2253,1.);
#1392=VECTOR('',#2260,1.);
#1393=VECTOR('',#2263,1.);
#1394=VECTOR('',#2264,1.);
#1395=VECTOR('',#2265,1.);
#1396=VECTOR('',#2274,1.);
#1397=VECTOR('',#2275,1.);
#1398=VECTOR('',#2276,1.);
#1399=VECTOR('',#2277,1.);
#1400=VECTOR('',#2284,1.);
#1401=VECTOR('',#2287,1.);
#1402=VECTOR('',#2288,1.);
#1403=VECTOR('',#2289,1.);
#1404=VECTOR('',#2296,1.);
#1405=VECTOR('',#2299,1.);
#1406=VECTOR('',#2300,1.);
#1407=VECTOR('',#2301,1.);
#1408=VECTOR('',#2308,1.);
#1409=VECTOR('',#2311,1.);
#1410=VECTOR('',#2312,1.);
#1411=VECTOR('',#2313,1.);
#1412=VECTOR('',#2322,1.);
#1413=VECTOR('',#2323,1.);
#1414=VECTOR('',#2324,1.);
#1415=VECTOR('',#2325,1.);
#1416=VECTOR('',#2326,1.);
#1417=VECTOR('',#2327,1.);
#1418=VECTOR('',#2328,1.);
#1419=VECTOR('',#2329,1.);
#1420=VECTOR('',#2330,1.);
#1421=VECTOR('',#2331,1.);
#1422=VECTOR('',#2334,1.);
#1423=VECTOR('',#2337,1.);
#1424=VECTOR('',#2340,1.);
#1425=VECTOR('',#2343,1.);
#1426=VECTOR('',#2348,1.);
#1427=VECTOR('',#2349,1.);
#1428=VECTOR('',#2350,1.);
#1429=VECTOR('',#2355,1.);
#1430=VECTOR('',#2358,1.);
#1431=VECTOR('',#2359,1.);
#1432=VECTOR('',#2360,1.);
#1433=VECTOR('',#2363,1.);
#1434=VECTOR('',#2366,1.);
#1435=VECTOR('',#2367,1.);
#1436=VECTOR('',#2368,1.);
#1437=VECTOR('',#2373,1.);
#1438=VECTOR('',#2376,1.);
#1439=VECTOR('',#2379,1.);
#1440=VECTOR('',#2382,1.);
#1441=VECTOR('',#2385,1.);
#1442=VECTOR('',#2388,1.);
#1443=VECTOR('',#2391,1.);
#1444=VECTOR('',#2394,1.);
#1445=VECTOR('',#2397,1.);
#1446=VECTOR('',#2398,1.);
#1447=VECTOR('',#2399,1.);
#1448=VECTOR('',#2402,1.);
#1449=VECTOR('',#2405,1.);
#1450=VECTOR('',#2408,1.);
#1451=VECTOR('',#2411,1.);
#1452=VECTOR('',#2412,1.);
#1453=VECTOR('',#2413,1.);
#1454=VECTOR('',#2418,1.);
#1455=VECTOR('',#2421,1.);
#1456=VECTOR('',#2426,1.);
#1457=VECTOR('',#2427,1.);
#1458=VECTOR('',#2428,1.);
#1459=VECTOR('',#2431,1.);
#1460=VECTOR('',#2436,1.);
#1461=VECTOR('',#2437,1.);
#1462=VECTOR('',#2440,1.);
#1463=VECTOR('',#2445,1.);
#1464=VECTOR('',#2446,1.);
#1465=VECTOR('',#2449,1.);
#1466=VECTOR('',#2454,1.);
#1467=VECTOR('',#2455,1.);
#1468=VECTOR('',#2464,1.);
#1469=VECTOR('',#2467,1.);
#1470=VECTOR('',#2470,1.);
#1471=VECTOR('',#2473,1.);
#1472=VECTOR('',#2476,1.);
#1473=VECTOR('',#2477,1.);
#1474=VECTOR('',#2480,1.);
#1475=VECTOR('',#2483,1.);
#1476=VECTOR('',#2486,1.);
#1477=VECTOR('',#2489,1.);
#1478=VECTOR('',#2490,1.);
#1479=VECTOR('',#2491,1.);
#1480=VECTOR('',#2492,1.);
#1481=VECTOR('',#2493,1.);
#1482=VECTOR('',#2494,1.);
#1483=VECTOR('',#2495,1.);
#1484=VECTOR('',#2496,1.);
#1485=VECTOR('',#2499,1.);
#1486=VECTOR('',#2502,1.);
#1487=VECTOR('',#2505,1.);
#1488=VECTOR('',#2508,1.);
#1489=VECTOR('',#2509,1.);
#1490=VECTOR('',#2510,1.);
#1491=VECTOR('',#2511,1.);
#1492=VECTOR('',#2512,1.);
#1493=VECTOR('',#2513,1.);
#1494=VECTOR('',#2514,1.);
#1495=VECTOR('',#2517,1.);
#1496=VECTOR('',#2520,1.);
#1497=VECTOR('',#2523,1.);
#1498=VECTOR('',#2526,1.);
#1499=VECTOR('',#2531,1.);
#1500=VECTOR('',#2534,1.);
#1501=VECTOR('',#2537,1.);
#1502=VECTOR('',#2540,1.);
#1503=VECTOR('',#2541,1.);
#1504=VECTOR('',#2542,1.);
#1505=VECTOR('',#2543,1.);
#1506=VECTOR('',#2544,1.);
#1507=VECTOR('',#2545,1.);
#1508=VECTOR('',#2546,1.);
#1509=VECTOR('',#2547,1.);
#1510=VECTOR('',#2552,1.);
#1511=VECTOR('',#2553,1.);
#1512=VECTOR('',#2556,1.);
#1513=VECTOR('',#2557,1.);
#1514=VECTOR('',#2558,1.);
#1515=VECTOR('',#2559,1.);
#1516=VECTOR('',#2562,1.);
#1517=VECTOR('',#2563,1.);
#1518=VECTOR('',#2564,1.);
#1519=VECTOR('',#2565,1.);
#1520=VECTOR('',#2568,1.);
#1521=VECTOR('',#2571,1.);
#1522=VECTOR('',#2572,1.);
#1523=VECTOR('',#2573,1.);
#1524=VECTOR('',#2574,1.);
#1525=VECTOR('',#2577,1.);
#1526=VECTOR('',#2578,1.);
#1527=VECTOR('',#2579,1.);
#1528=VECTOR('',#2580,1.);
#1529=VECTOR('',#2583,1.);
#1530=VECTOR('',#2586,1.);
#1531=VECTOR('',#2587,1.);
#1532=VECTOR('',#2588,1.);
#1533=VECTOR('',#2589,1.);
#1534=VECTOR('',#2592,1.);
#1535=VECTOR('',#2593,1.);
#1536=VECTOR('',#2594,1.);
#1537=VECTOR('',#2595,1.);
#1538=VECTOR('',#2598,1.);
#1539=VECTOR('',#2601,1.);
#1540=VECTOR('',#2602,1.);
#1541=VECTOR('',#2603,1.);
#1542=VECTOR('',#2604,1.);
#1543=VECTOR('',#2607,1.);
#1544=VECTOR('',#2608,1.);
#1545=VECTOR('',#2609,1.);
#1546=VECTOR('',#2610,1.);
#1547=VECTOR('',#2613,1.);
#1548=VECTOR('',#2616,1.);
#1549=VECTOR('',#2617,1.);
#1550=VECTOR('',#2620,1.);
#1551=VECTOR('',#2621,1.);
#1552=VECTOR('',#2632,1.);
#1553=VECTOR('',#2633,1.);
#1554=VECTOR('',#2636,1.);
#1555=VECTOR('',#2637,1.);
#1556=VECTOR('',#2648,1.);
#1557=VECTOR('',#2649,1.);
#1558=VECTOR('',#2652,1.);
#1559=VECTOR('',#2655,1.);
#1560=VECTOR('',#2658,1.);
#1561=VECTOR('',#2661,1.);
#1562=VECTOR('',#2664,1.);
#1563=VECTOR('',#2667,1.);
#1564=EDGE_LOOP('',(#108,#109,#110,#111));
#1565=EDGE_LOOP('',(#112,#113,#114,#115));
#1566=EDGE_LOOP('',(#116,#117,#118,#119));
#1567=EDGE_LOOP('',(#120,#121,#122,#123));
#1568=EDGE_LOOP('',(#124,#125,#126,#127));
#1569=EDGE_LOOP('',(#128,#129,#130,#131));
#1570=EDGE_LOOP('',(#132,#133,#134,#135));
#1571=EDGE_LOOP('',(#136,#137,#138,#139));
#1572=EDGE_LOOP('',(#140,#141,#142,#143));
#1573=EDGE_LOOP('',(#144,#145,#146,#147));
#1574=EDGE_LOOP('',(#148,#149,#150,#151));
#1575=EDGE_LOOP('',(#152,#153,#154,#155));
#1576=EDGE_LOOP('',(#156,#157,#158,#159));
#1577=EDGE_LOOP('',(#160,#161,#162,#163));
#1578=EDGE_LOOP('',(#164,#165,#166,#167));
#1579=EDGE_LOOP('',(#168,#169,#170,#171));
#1580=EDGE_LOOP('',(#172,#173,#174,#175));
#1581=EDGE_LOOP('',(#176,#177,#178,#179));
#1582=EDGE_LOOP('',(#180,#181,#182,#183));
#1583=EDGE_LOOP('',(#184,#185,#186,#187));
#1584=EDGE_LOOP('',(#188,#189,#190,#191));
#1585=EDGE_LOOP('',(#192,#193,#194,#195));
#1586=EDGE_LOOP('',(#196,#197,#198,#199));
#1587=EDGE_LOOP('',(#200,#201,#202,#203));
#1588=EDGE_LOOP('',(#204,#205,#206,#207));
#1589=EDGE_LOOP('',(#208,#209,#210,#211));
#1590=EDGE_LOOP('',(#212,#213,#214,#215));
#1591=EDGE_LOOP('',(#216,#217,#218,#219));
#1592=EDGE_LOOP('',(#220,#221,#222,#223));
#1593=EDGE_LOOP('',(#224,#225,#226,#227));
#1594=EDGE_LOOP('',(#228,#229,#230,#231));
#1595=EDGE_LOOP('',(#232,#233,#234,#235));
#1596=EDGE_LOOP('',(#236,#237,#238,#239,#240,#241,#242,#243,#244,#245));
#1597=EDGE_LOOP('',(#246,#247,#248,#249,#250,#251,#252,#253));
#1598=EDGE_LOOP('',(#254,#255,#256,#257));
#1599=EDGE_LOOP('',(#258,#259,#260,#261,#262,#263));
#1600=EDGE_LOOP('',(#264,#265,#266,#267,#268,#269));
#1601=EDGE_LOOP('',(#270,#271,#272,#273,#274,#275,#276,#277));
#1602=EDGE_LOOP('',(#278,#279,#280,#281,#282,#283,#284,#285));
#1603=EDGE_LOOP('',(#286,#287,#288,#289,#290,#291,#292,#293));
#1604=EDGE_LOOP('',(#294,#295,#296,#297,#298,#299,#300,#301));
#1605=EDGE_LOOP('',(#302,#303,#304,#305,#306,#307,#308,#309));
#1606=EDGE_LOOP('',(#310,#311,#312,#313,#314,#315,#316,#317));
#1607=EDGE_LOOP('',(#318,#319,#320,#321,#322,#323,#324,#325,#326,#327,#328,
#329,#330,#331,#332,#333,#334,#335,#336,#337));
#1608=EDGE_LOOP('',(#338,#339,#340,#341));
#1609=EDGE_LOOP('',(#342,#343,#344,#345));
#1610=EDGE_LOOP('',(#346,#347,#348,#349));
#1611=EDGE_LOOP('',(#350,#351,#352,#353));
#1612=EDGE_LOOP('',(#354,#355,#356,#357));
#1613=EDGE_LOOP('',(#358,#359,#360,#361));
#1614=EDGE_LOOP('',(#362,#363,#364,#365));
#1615=EDGE_LOOP('',(#366,#367,#368,#369));
#1616=EDGE_LOOP('',(#370,#371,#372,#373,#374,#375,#376,#377));
#1617=EDGE_LOOP('',(#378,#379,#380,#381,#382,#383,#384,#385));
#1618=EDGE_LOOP('',(#386,#387,#388,#389,#390,#391,#392,#393));
#1619=EDGE_LOOP('',(#394,#395,#396,#397,#398,#399,#400,#401));
#1620=EDGE_LOOP('',(#402,#403,#404,#405,#406,#407,#408,#409));
#1621=EDGE_LOOP('',(#410,#411,#412,#413,#414,#415,#416,#417));
#1622=EDGE_LOOP('',(#418,#419,#420,#421));
#1623=EDGE_LOOP('',(#422,#423,#424,#425));
#1624=EDGE_LOOP('',(#426,#427,#428,#429));
#1625=EDGE_LOOP('',(#430,#431,#432,#433));
#1626=EDGE_LOOP('',(#434,#435,#436,#437,#438,#439,#440,#441,#442,#443));
#1627=EDGE_LOOP('',(#444,#445,#446,#447));
#1628=EDGE_LOOP('',(#448,#449,#450,#451));
#1629=EDGE_LOOP('',(#452,#453,#454,#455));
#1630=EDGE_LOOP('',(#456,#457,#458,#459,#460,#461,#462,#463,#464,#465));
#1631=EDGE_LOOP('',(#466,#467,#468,#469));
#1632=EDGE_LOOP('',(#470,#471,#472,#473));
#1633=EDGE_LOOP('',(#474,#475,#476,#477));
#1634=EDGE_LOOP('',(#478,#479,#480,#481));
#1635=EDGE_LOOP('',(#482,#483,#484,#485));
#1636=EDGE_LOOP('',(#486,#487,#488,#489));
#1637=EDGE_LOOP('',(#490,#491,#492,#493));
#1638=EDGE_LOOP('',(#494,#495,#496,#497));
#1639=EDGE_LOOP('',(#498,#499,#500,#501,#502,#503,#504,#505,#506,#507));
#1640=EDGE_LOOP('',(#508,#509,#510,#511));
#1641=EDGE_LOOP('',(#512,#513,#514,#515));
#1642=EDGE_LOOP('',(#516,#517,#518,#519,#520,#521,#522));
#1643=EDGE_LOOP('',(#523,#524,#525,#526,#527,#528,#529));
#1644=EDGE_LOOP('',(#530,#531,#532,#533));
#1645=EDGE_LOOP('',(#534,#535,#536,#537,#538,#539,#540));
#1646=EDGE_LOOP('',(#541,#542,#543,#544,#545,#546,#547));
#1647=EDGE_LOOP('',(#548,#549,#550,#551));
#1648=EDGE_LOOP('',(#552,#553,#554,#555,#556,#557,#558));
#1649=EDGE_LOOP('',(#559,#560,#561,#562,#563,#564,#565));
#1650=EDGE_LOOP('',(#566,#567,#568,#569));
#1651=EDGE_LOOP('',(#570,#571,#572,#573,#574,#575,#576));
#1652=EDGE_LOOP('',(#577,#578,#579,#580,#581,#582,#583));
#1653=EDGE_LOOP('',(#584,#585,#586,#587));
#1654=EDGE_LOOP('',(#588,#589,#590,#591));
#1655=EDGE_LOOP('',(#592,#593,#594,#595));
#1656=EDGE_LOOP('',(#596,#597,#598,#599));
#1657=EDGE_LOOP('',(#600,#601,#602,#603));
#1658=EDGE_LOOP('',(#604,#605,#606,#607));
#1659=EDGE_LOOP('',(#608,#609,#610,#611));
#1660=EDGE_LOOP('',(#612,#613,#614,#615));
#1661=EDGE_LOOP('',(#616,#617,#618,#619));
#1662=EDGE_LOOP('',(#620,#621,#622,#623));
#1663=EDGE_LOOP('',(#624,#625,#626,#627));
#1664=EDGE_LOOP('',(#628,#629,#630,#631));
#1665=EDGE_LOOP('',(#632,#633,#634,#635));
#1666=EDGE_LOOP('',(#636,#637,#638,#639));
#1667=EDGE_LOOP('',(#640,#641,#642,#643));
#1668=EDGE_LOOP('',(#644,#645,#646,#647));
#1669=EDGE_LOOP('',(#648,#649,#650,#651));
#1670=EDGE_LOOP('',(#652,#653,#654,#655));
#1671=EDGE_LOOP('',(#656,#657,#658,#659));
#1672=EDGE_LOOP('',(#660,#661,#662,#663));
#1673=EDGE_LOOP('',(#664,#665,#666,#667));
#1674=FACE_BOUND('',#1564,.T.);
#1675=FACE_BOUND('',#1565,.T.);
#1676=FACE_BOUND('',#1566,.T.);
#1677=FACE_BOUND('',#1567,.T.);
#1678=FACE_BOUND('',#1568,.T.);
#1679=FACE_BOUND('',#1569,.T.);
#1680=FACE_BOUND('',#1570,.T.);
#1681=FACE_BOUND('',#1571,.T.);
#1682=FACE_BOUND('',#1572,.T.);
#1683=FACE_BOUND('',#1573,.T.);
#1684=FACE_BOUND('',#1574,.T.);
#1685=FACE_BOUND('',#1575,.T.);
#1686=FACE_BOUND('',#1576,.T.);
#1687=FACE_BOUND('',#1577,.T.);
#1688=FACE_BOUND('',#1578,.T.);
#1689=FACE_BOUND('',#1579,.T.);
#1690=FACE_BOUND('',#1580,.T.);
#1691=FACE_BOUND('',#1581,.T.);
#1692=FACE_BOUND('',#1582,.T.);
#1693=FACE_BOUND('',#1583,.T.);
#1694=FACE_BOUND('',#1584,.T.);
#1695=FACE_BOUND('',#1585,.T.);
#1696=FACE_BOUND('',#1586,.T.);
#1697=FACE_BOUND('',#1587,.T.);
#1698=FACE_BOUND('',#1588,.T.);
#1699=FACE_BOUND('',#1589,.T.);
#1700=FACE_BOUND('',#1590,.T.);
#1701=FACE_BOUND('',#1591,.T.);
#1702=FACE_BOUND('',#1592,.T.);
#1703=FACE_BOUND('',#1593,.T.);
#1704=FACE_BOUND('',#1594,.T.);
#1705=FACE_BOUND('',#1595,.T.);
#1706=FACE_BOUND('',#1596,.T.);
#1707=FACE_BOUND('',#1597,.T.);
#1708=FACE_BOUND('',#1598,.T.);
#1709=FACE_BOUND('',#1599,.T.);
#1710=FACE_BOUND('',#1600,.T.);
#1711=FACE_BOUND('',#1601,.T.);
#1712=FACE_BOUND('',#1602,.T.);
#1713=FACE_BOUND('',#1603,.T.);
#1714=FACE_BOUND('',#1604,.T.);
#1715=FACE_BOUND('',#1605,.T.);
#1716=FACE_BOUND('',#1606,.T.);
#1717=FACE_BOUND('',#1607,.T.);
#1718=FACE_BOUND('',#1608,.T.);
#1719=FACE_BOUND('',#1609,.T.);
#1720=FACE_BOUND('',#1610,.T.);
#1721=FACE_BOUND('',#1611,.T.);
#1722=FACE_BOUND('',#1612,.T.);
#1723=FACE_BOUND('',#1613,.T.);
#1724=FACE_BOUND('',#1614,.T.);
#1725=FACE_BOUND('',#1615,.T.);
#1726=FACE_BOUND('',#1616,.T.);
#1727=FACE_BOUND('',#1617,.T.);
#1728=FACE_BOUND('',#1618,.T.);
#1729=FACE_BOUND('',#1619,.T.);
#1730=FACE_BOUND('',#1620,.T.);
#1731=FACE_BOUND('',#1621,.T.);
#1732=FACE_BOUND('',#1622,.T.);
#1733=FACE_BOUND('',#1623,.T.);
#1734=FACE_BOUND('',#1624,.T.);
#1735=FACE_BOUND('',#1625,.T.);
#1736=FACE_BOUND('',#1626,.T.);
#1737=FACE_BOUND('',#1627,.T.);
#1738=FACE_BOUND('',#1628,.T.);
#1739=FACE_BOUND('',#1629,.T.);
#1740=FACE_BOUND('',#1630,.T.);
#1741=FACE_BOUND('',#1631,.T.);
#1742=FACE_BOUND('',#1632,.T.);
#1743=FACE_BOUND('',#1633,.T.);
#1744=FACE_BOUND('',#1634,.T.);
#1745=FACE_BOUND('',#1635,.T.);
#1746=FACE_BOUND('',#1636,.T.);
#1747=FACE_BOUND('',#1637,.T.);
#1748=FACE_BOUND('',#1638,.T.);
#1749=FACE_BOUND('',#1639,.T.);
#1750=FACE_BOUND('',#1640,.T.);
#1751=FACE_BOUND('',#1641,.T.);
#1752=FACE_BOUND('',#1642,.T.);
#1753=FACE_BOUND('',#1643,.T.);
#1754=FACE_BOUND('',#1644,.T.);
#1755=FACE_BOUND('',#1645,.T.);
#1756=FACE_BOUND('',#1646,.T.);
#1757=FACE_BOUND('',#1647,.T.);
#1758=FACE_BOUND('',#1648,.T.);
#1759=FACE_BOUND('',#1649,.T.);
#1760=FACE_BOUND('',#1650,.T.);
#1761=FACE_BOUND('',#1651,.T.);
#1762=FACE_BOUND('',#1652,.T.);
#1763=FACE_BOUND('',#1653,.T.);
#1764=FACE_BOUND('',#1654,.T.);
#1765=FACE_BOUND('',#1655,.T.);
#1766=FACE_BOUND('',#1656,.T.);
#1767=FACE_BOUND('',#1657,.T.);
#1768=FACE_BOUND('',#1658,.T.);
#1769=FACE_BOUND('',#1659,.T.);
#1770=FACE_BOUND('',#1660,.T.);
#1771=FACE_BOUND('',#1661,.T.);
#1772=FACE_BOUND('',#1662,.T.);
#1773=FACE_BOUND('',#1663,.T.);
#1774=FACE_BOUND('',#1664,.T.);
#1775=FACE_BOUND('',#1665,.T.);
#1776=FACE_BOUND('',#1666,.T.);
#1777=FACE_BOUND('',#1667,.T.);
#1778=FACE_BOUND('',#1668,.T.);
#1779=FACE_BOUND('',#1669,.T.);
#1780=FACE_BOUND('',#1670,.T.);
#1781=FACE_BOUND('',#1671,.T.);
#1782=FACE_BOUND('',#1672,.T.);
#1783=FACE_BOUND('',#1673,.T.);
#1784=PLANE('',#1963);
#1785=PLANE('',#1967);
#1786=PLANE('',#1971);
#1787=PLANE('',#1975);
#1788=PLANE('',#1979);
#1789=PLANE('',#1983);
#1790=PLANE('',#1987);
#1791=PLANE('',#1991);
#1792=PLANE('',#1995);
#1793=PLANE('',#1999);
#1794=PLANE('',#2003);
#1795=PLANE('',#2007);
#1796=PLANE('',#2011);
#1797=PLANE('',#2015);
#1798=PLANE('',#2019);
#1799=PLANE('',#2023);
#1800=PLANE('',#2027);
#1801=PLANE('',#2028);
#1802=PLANE('',#2033);
#1803=PLANE('',#2034);
#1804=PLANE('',#2037);
#1805=PLANE('',#2040);
#1806=PLANE('',#2057);
#1807=PLANE('',#2060);
#1808=PLANE('',#2063);
#1809=PLANE('',#2066);
#1810=PLANE('',#2069);
#1811=PLANE('',#2074);
#1812=PLANE('',#2075);
#1813=PLANE('',#2076);
#1814=PLANE('',#2078);
#1815=PLANE('',#2080);
#1816=PLANE('',#2082);
#1817=PLANE('',#2084);
#1818=PLANE('',#2085);
#1819=PLANE('',#2086);
#1820=PLANE('',#2089);
#1821=PLANE('',#2091);
#1822=PLANE('',#2093);
#1823=PLANE('',#2094);
#1824=PLANE('',#2095);
#1825=PLANE('',#2096);
#1826=PLANE('',#2097);
#1827=PLANE('',#2098);
#1828=PLANE('',#2099);
#1829=PLANE('',#2100);
#1830=PLANE('',#2101);
#1831=PLANE('',#2102);
#1832=PLANE('',#2103);
#1833=PLANE('',#2104);
#1834=PLANE('',#2105);
#1835=PLANE('',#2106);
#1836=PLANE('',#2107);
#1837=PLANE('',#2108);
#1838=PLANE('',#2109);
#1839=PLANE('',#2110);
#1840=PLANE('',#2111);
#1841=PLANE('',#2112);
#1842=PLANE('',#2113);
#1843=PLANE('',#2114);
#1844=PLANE('',#2115);
#1845=PLANE('',#2116);
#1846=PLANE('',#2117);
#1847=PLANE('',#2119);
#1848=PLANE('',#2121);
#1849=PLANE('',#2123);
#1850=PLANE('',#2124);
#1851=ADVANCED_FACE('',(#1674),#1784,.F.);
#1852=ADVANCED_FACE('',(#1675),#76,.F.);
#1853=ADVANCED_FACE('',(#1676),#1785,.F.);
#1854=ADVANCED_FACE('',(#1677),#77,.F.);
#1855=ADVANCED_FACE('',(#1678),#1786,.T.);
#1856=ADVANCED_FACE('',(#1679),#78,.F.);
#1857=ADVANCED_FACE('',(#1680),#1787,.T.);
#1858=ADVANCED_FACE('',(#1681),#79,.F.);
#1859=ADVANCED_FACE('',(#1682),#1788,.F.);
#1860=ADVANCED_FACE('',(#1683),#80,.F.);
#1861=ADVANCED_FACE('',(#1684),#1789,.F.);
#1862=ADVANCED_FACE('',(#1685),#81,.F.);
#1863=ADVANCED_FACE('',(#1686),#1790,.T.);
#1864=ADVANCED_FACE('',(#1687),#82,.F.);
#1865=ADVANCED_FACE('',(#1688),#1791,.T.);
#1866=ADVANCED_FACE('',(#1689),#83,.F.);
#1867=ADVANCED_FACE('',(#1690),#1792,.F.);
#1868=ADVANCED_FACE('',(#1691),#84,.F.);
#1869=ADVANCED_FACE('',(#1692),#1793,.F.);
#1870=ADVANCED_FACE('',(#1693),#85,.F.);
#1871=ADVANCED_FACE('',(#1694),#1794,.T.);
#1872=ADVANCED_FACE('',(#1695),#86,.F.);
#1873=ADVANCED_FACE('',(#1696),#1795,.T.);
#1874=ADVANCED_FACE('',(#1697),#87,.F.);
#1875=ADVANCED_FACE('',(#1698),#1796,.F.);
#1876=ADVANCED_FACE('',(#1699),#88,.F.);
#1877=ADVANCED_FACE('',(#1700),#1797,.F.);
#1878=ADVANCED_FACE('',(#1701),#89,.F.);
#1879=ADVANCED_FACE('',(#1702),#1798,.T.);
#1880=ADVANCED_FACE('',(#1703),#90,.F.);
#1881=ADVANCED_FACE('',(#1704),#1799,.T.);
#1882=ADVANCED_FACE('',(#1705),#91,.F.);
#1883=ADVANCED_FACE('',(#1706),#1800,.F.);
#1884=ADVANCED_FACE('',(#1707),#1801,.F.);
#1885=ADVANCED_FACE('',(#1708),#1802,.F.);
#1886=ADVANCED_FACE('',(#1709),#1803,.F.);
#1887=ADVANCED_FACE('',(#1710),#1804,.F.);
#1888=ADVANCED_FACE('',(#1711,#1712,#1713,#1714,#1715,#1716,#1717),#1805,
 .F.);
#1889=ADVANCED_FACE('',(#1718),#1806,.F.);
#1890=ADVANCED_FACE('',(#1719),#92,.T.);
#1891=ADVANCED_FACE('',(#1720),#1807,.T.);
#1892=ADVANCED_FACE('',(#1721),#93,.T.);
#1893=ADVANCED_FACE('',(#1722),#1808,.T.);
#1894=ADVANCED_FACE('',(#1723),#94,.T.);
#1895=ADVANCED_FACE('',(#1724),#1809,.F.);
#1896=ADVANCED_FACE('',(#1725),#95,.T.);
#1897=ADVANCED_FACE('',(#1726,#1727,#1728,#1729,#1730,#1731),#1810,.T.);
#1898=ADVANCED_FACE('',(#1732),#1811,.F.);
#1899=ADVANCED_FACE('',(#1733),#1812,.T.);
#1900=ADVANCED_FACE('',(#1734),#1813,.T.);
#1901=ADVANCED_FACE('',(#1735),#96,.F.);
#1902=ADVANCED_FACE('',(#1736),#1814,.T.);
#1903=ADVANCED_FACE('',(#1737),#97,.F.);
#1904=ADVANCED_FACE('',(#1738),#1815,.T.);
#1905=ADVANCED_FACE('',(#1739),#98,.F.);
#1906=ADVANCED_FACE('',(#1740),#1816,.T.);
#1907=ADVANCED_FACE('',(#1741),#99,.F.);
#1908=ADVANCED_FACE('',(#1742),#1817,.T.);
#1909=ADVANCED_FACE('',(#1743),#1818,.T.);
#1910=ADVANCED_FACE('',(#1744),#1819,.F.);
#1911=ADVANCED_FACE('',(#1745),#100,.T.);
#1912=ADVANCED_FACE('',(#1746),#101,.T.);
#1913=ADVANCED_FACE('',(#1747),#1820,.F.);
#1914=ADVANCED_FACE('',(#1748),#102,.T.);
#1915=ADVANCED_FACE('',(#1749),#1821,.F.);
#1916=ADVANCED_FACE('',(#1750),#103,.T.);
#1917=ADVANCED_FACE('',(#1751),#1822,.F.);
#1918=ADVANCED_FACE('',(#1752),#1823,.F.);
#1919=ADVANCED_FACE('',(#1753),#1824,.T.);
#1920=ADVANCED_FACE('',(#1754),#1825,.T.);
#1921=ADVANCED_FACE('',(#1755),#1826,.F.);
#1922=ADVANCED_FACE('',(#1756),#1827,.T.);
#1923=ADVANCED_FACE('',(#1757),#1828,.T.);
#1924=ADVANCED_FACE('',(#1758),#1829,.T.);
#1925=ADVANCED_FACE('',(#1759),#1830,.F.);
#1926=ADVANCED_FACE('',(#1760),#1831,.T.);
#1927=ADVANCED_FACE('',(#1761),#1832,.F.);
#1928=ADVANCED_FACE('',(#1762),#1833,.T.);
#1929=ADVANCED_FACE('',(#1763),#1834,.T.);
#1930=ADVANCED_FACE('',(#1764),#1835,.T.);
#1931=ADVANCED_FACE('',(#1765),#1836,.T.);
#1932=ADVANCED_FACE('',(#1766),#1837,.F.);
#1933=ADVANCED_FACE('',(#1767),#1838,.F.);
#1934=ADVANCED_FACE('',(#1768),#1839,.F.);
#1935=ADVANCED_FACE('',(#1769),#1840,.F.);
#1936=ADVANCED_FACE('',(#1770),#1841,.T.);
#1937=ADVANCED_FACE('',(#1771),#1842,.T.);
#1938=ADVANCED_FACE('',(#1772),#1843,.T.);
#1939=ADVANCED_FACE('',(#1773),#1844,.T.);
#1940=ADVANCED_FACE('',(#1774),#1845,.F.);
#1941=ADVANCED_FACE('',(#1775),#1846,.F.);
#1942=ADVANCED_FACE('',(#1776),#104,.F.);
#1943=ADVANCED_FACE('',(#1777),#1847,.F.);
#1944=ADVANCED_FACE('',(#1778),#105,.F.);
#1945=ADVANCED_FACE('',(#1779),#1848,.T.);
#1946=ADVANCED_FACE('',(#1780),#106,.F.);
#1947=ADVANCED_FACE('',(#1781),#1849,.T.);
#1948=ADVANCED_FACE('',(#1782),#1850,.F.);
#1949=ADVANCED_FACE('',(#1783),#107,.F.);
#1950=CLOSED_SHELL('',(#1851,#1852,#1853,#1854,#1855,#1856,#1857,#1858,
#1859,#1860,#1861,#1862,#1863,#1864,#1865,#1866,#1867,#1868,#1869,#1870,
#1871,#1872,#1873,#1874,#1875,#1876,#1877,#1878,#1879,#1880,#1881,#1882,
#1883,#1884,#1885,#1886,#1887,#1888,#1889,#1890,#1891,#1892,#1893,#1894,
#1895,#1896,#1897,#1898,#1899,#1900,#1901,#1902,#1903,#1904,#1905,#1906,
#1907,#1908,#1909,#1910,#1911,#1912,#1913,#1914,#1915,#1916,#1917,#1918,
#1919,#1920,#1921,#1922,#1923,#1924,#1925,#1926,#1927,#1928,#1929,#1930,
#1931,#1932,#1933,#1934,#1935,#1936,#1937,#1938,#1939,#1940,#1941,#1942,
#1943,#1944,#1945,#1946,#1947,#1948,#1949));
#1951=STYLED_ITEM('',(#1952),#1959);
#1952=PRESENTATION_STYLE_ASSIGNMENT((#1953));
#1953=SURFACE_STYLE_USAGE(.BOTH.,#1954);
#1954=SURFACE_SIDE_STYLE('',(#1955));
#1955=SURFACE_STYLE_FILL_AREA(#1956);
#1956=FILL_AREA_STYLE('',(#1957));
#1957=FILL_AREA_STYLE_COLOUR('',#1958);
#1958=COLOUR_RGB('',0.501960784313726,0.486274509803922,0.43921568627451);
#1959=MANIFOLD_SOLID_BREP('ESPLid',#1950);
#1960=SHAPE_DEFINITION_REPRESENTATION(#3240,#1961);
#1961=SHAPE_REPRESENTATION('ESPLid',(#1962),#3235);
#1962=AXIS2_PLACEMENT_3D('',#2670,#2126,#2127);
#1963=AXIS2_PLACEMENT_3D('',#2671,#2128,#2129);
#1964=AXIS2_PLACEMENT_3D('',#2680,#2134,#2135);
#1965=AXIS2_PLACEMENT_3D('',#2681,#2136,#2137);
#1966=AXIS2_PLACEMENT_3D('',#2683,#2138,#2139);
#1967=AXIS2_PLACEMENT_3D('',#2686,#2141,#2142);
#1968=AXIS2_PLACEMENT_3D('',#2692,#2146,#2147);
#1969=AXIS2_PLACEMENT_3D('',#2693,#2148,#2149);
#1970=AXIS2_PLACEMENT_3D('',#2695,#2150,#2151);
#1971=AXIS2_PLACEMENT_3D('',#2698,#2153,#2154);
#1972=AXIS2_PLACEMENT_3D('',#2704,#2158,#2159);
#1973=AXIS2_PLACEMENT_3D('',#2705,#2160,#2161);
#1974=AXIS2_PLACEMENT_3D('',#2707,#2162,#2163);
#1975=AXIS2_PLACEMENT_3D('',#2710,#2165,#2166);
#1976=AXIS2_PLACEMENT_3D('',#2716,#2170,#2171);
#1977=AXIS2_PLACEMENT_3D('',#2717,#2172,#2173);
#1978=AXIS2_PLACEMENT_3D('',#2718,#2174,#2175);
#1979=AXIS2_PLACEMENT_3D('',#2719,#2176,#2177);
#1980=AXIS2_PLACEMENT_3D('',#2728,#2182,#2183);
#1981=AXIS2_PLACEMENT_3D('',#2729,#2184,#2185);
#1982=AXIS2_PLACEMENT_3D('',#2731,#2186,#2187);
#1983=AXIS2_PLACEMENT_3D('',#2734,#2189,#2190);
#1984=AXIS2_PLACEMENT_3D('',#2740,#2194,#2195);
#1985=AXIS2_PLACEMENT_3D('',#2741,#2196,#2197);
#1986=AXIS2_PLACEMENT_3D('',#2743,#2198,#2199);
#1987=AXIS2_PLACEMENT_3D('',#2746,#2201,#2202);
#1988=AXIS2_PLACEMENT_3D('',#2752,#2206,#2207);
#1989=AXIS2_PLACEMENT_3D('',#2753,#2208,#2209);
#1990=AXIS2_PLACEMENT_3D('',#2755,#2210,#2211);
#1991=AXIS2_PLACEMENT_3D('',#2758,#2213,#2214);
#1992=AXIS2_PLACEMENT_3D('',#2764,#2218,#2219);
#1993=AXIS2_PLACEMENT_3D('',#2765,#2220,#2221);
#1994=AXIS2_PLACEMENT_3D('',#2766,#2222,#2223);
#1995=AXIS2_PLACEMENT_3D('',#2767,#2224,#2225);
#1996=AXIS2_PLACEMENT_3D('',#2776,#2230,#2231);
#1997=AXIS2_PLACEMENT_3D('',#2777,#2232,#2233);
#1998=AXIS2_PLACEMENT_3D('',#2779,#2234,#2235);
#1999=AXIS2_PLACEMENT_3D('',#2782,#2237,#2238);
#2000=AXIS2_PLACEMENT_3D('',#2788,#2242,#2243);
#2001=AXIS2_PLACEMENT_3D('',#2789,#2244,#2245);
#2002=AXIS2_PLACEMENT_3D('',#2791,#2246,#2247);
#2003=AXIS2_PLACEMENT_3D('',#2794,#2249,#2250);
#2004=AXIS2_PLACEMENT_3D('',#2800,#2254,#2255);
#2005=AXIS2_PLACEMENT_3D('',#2801,#2256,#2257);
#2006=AXIS2_PLACEMENT_3D('',#2803,#2258,#2259);
#2007=AXIS2_PLACEMENT_3D('',#2806,#2261,#2262);
#2008=AXIS2_PLACEMENT_3D('',#2812,#2266,#2267);
#2009=AXIS2_PLACEMENT_3D('',#2813,#2268,#2269);
#2010=AXIS2_PLACEMENT_3D('',#2814,#2270,#2271);
#2011=AXIS2_PLACEMENT_3D('',#2815,#2272,#2273);
#2012=AXIS2_PLACEMENT_3D('',#2824,#2278,#2279);
#2013=AXIS2_PLACEMENT_3D('',#2825,#2280,#2281);
#2014=AXIS2_PLACEMENT_3D('',#2827,#2282,#2283);
#2015=AXIS2_PLACEMENT_3D('',#2830,#2285,#2286);
#2016=AXIS2_PLACEMENT_3D('',#2836,#2290,#2291);
#2017=AXIS2_PLACEMENT_3D('',#2837,#2292,#2293);
#2018=AXIS2_PLACEMENT_3D('',#2839,#2294,#2295);
#2019=AXIS2_PLACEMENT_3D('',#2842,#2297,#2298);
#2020=AXIS2_PLACEMENT_3D('',#2848,#2302,#2303);
#2021=AXIS2_PLACEMENT_3D('',#2849,#2304,#2305);
#2022=AXIS2_PLACEMENT_3D('',#2851,#2306,#2307);
#2023=AXIS2_PLACEMENT_3D('',#2854,#2309,#2310);
#2024=AXIS2_PLACEMENT_3D('',#2860,#2314,#2315);
#2025=AXIS2_PLACEMENT_3D('',#2861,#2316,#2317);
#2026=AXIS2_PLACEMENT_3D('',#2862,#2318,#2319);
#2027=AXIS2_PLACEMENT_3D('',#2863,#2320,#2321);
#2028=AXIS2_PLACEMENT_3D('',#2884,#2332,#2333);
#2029=AXIS2_PLACEMENT_3D('',#2888,#2335,#2336);
#2030=AXIS2_PLACEMENT_3D('',#2892,#2338,#2339);
#2031=AXIS2_PLACEMENT_3D('',#2895,#2341,#2342);
#2032=AXIS2_PLACEMENT_3D('',#2899,#2344,#2345);
#2033=AXIS2_PLACEMENT_3D('',#2900,#2346,#2347);
#2034=AXIS2_PLACEMENT_3D('',#2906,#2351,#2352);
#2035=AXIS2_PLACEMENT_3D('',#2907,#2353,#2354);
#2036=AXIS2_PLACEMENT_3D('',#2911,#2356,#2357);
#2037=AXIS2_PLACEMENT_3D('',#2918,#2361,#2362);
#2038=AXIS2_PLACEMENT_3D('',#2922,#2364,#2365);
#2039=AXIS2_PLACEMENT_3D('',#2930,#2369,#2370);
#2040=AXIS2_PLACEMENT_3D('',#2931,#2371,#2372);
#2041=AXIS2_PLACEMENT_3D('',#2935,#2374,#2375);
#2042=AXIS2_PLACEMENT_3D('',#2939,#2377,#2378);
#2043=AXIS2_PLACEMENT_3D('',#2943,#2380,#2381);
#2044=AXIS2_PLACEMENT_3D('',#2947,#2383,#2384);
#2045=AXIS2_PLACEMENT_3D('',#2951,#2386,#2387);
#2046=AXIS2_PLACEMENT_3D('',#2955,#2389,#2390);
#2047=AXIS2_PLACEMENT_3D('',#2959,#2392,#2393);
#2048=AXIS2_PLACEMENT_3D('',#2963,#2395,#2396);
#2049=AXIS2_PLACEMENT_3D('',#2971,#2400,#2401);
#2050=AXIS2_PLACEMENT_3D('',#2975,#2403,#2404);
#2051=AXIS2_PLACEMENT_3D('',#2979,#2406,#2407);
#2052=AXIS2_PLACEMENT_3D('',#2983,#2409,#2410);
#2053=AXIS2_PLACEMENT_3D('',#2991,#2414,#2415);
#2054=AXIS2_PLACEMENT_3D('',#2992,#2416,#2417);
#2055=AXIS2_PLACEMENT_3D('',#2996,#2419,#2420);
#2056=AXIS2_PLACEMENT_3D('',#3000,#2422,#2423);
#2057=AXIS2_PLACEMENT_3D('',#3001,#2424,#2425);
#2058=AXIS2_PLACEMENT_3D('',#3007,#2429,#2430);
#2059=AXIS2_PLACEMENT_3D('',#3010,#2432,#2433);
#2060=AXIS2_PLACEMENT_3D('',#3011,#2434,#2435);
#2061=AXIS2_PLACEMENT_3D('',#3015,#2438,#2439);
#2062=AXIS2_PLACEMENT_3D('',#3018,#2441,#2442);
#2063=AXIS2_PLACEMENT_3D('',#3019,#2443,#2444);
#2064=AXIS2_PLACEMENT_3D('',#3023,#2447,#2448);
#2065=AXIS2_PLACEMENT_3D('',#3026,#2450,#2451);
#2066=AXIS2_PLACEMENT_3D('',#3027,#2452,#2453);
#2067=AXIS2_PLACEMENT_3D('',#3031,#2456,#2457);
#2068=AXIS2_PLACEMENT_3D('',#3032,#2458,#2459);
#2069=AXIS2_PLACEMENT_3D('',#3033,#2460,#2461);
#2070=AXIS2_PLACEMENT_3D('',#3034,#2462,#2463);
#2071=AXIS2_PLACEMENT_3D('',#3039,#2465,#2466);
#2072=AXIS2_PLACEMENT_3D('',#3043,#2468,#2469);
#2073=AXIS2_PLACEMENT_3D('',#3047,#2471,#2472);
#2074=AXIS2_PLACEMENT_3D('',#3050,#2474,#2475);
#2075=AXIS2_PLACEMENT_3D('',#3053,#2478,#2479);
#2076=AXIS2_PLACEMENT_3D('',#3055,#2481,#2482);
#2077=AXIS2_PLACEMENT_3D('',#3057,#2484,#2485);
#2078=AXIS2_PLACEMENT_3D('',#3059,#2487,#2488);
#2079=AXIS2_PLACEMENT_3D('',#3074,#2497,#2498);
#2080=AXIS2_PLACEMENT_3D('',#3076,#2500,#2501);
#2081=AXIS2_PLACEMENT_3D('',#3078,#2503,#2504);
#2082=AXIS2_PLACEMENT_3D('',#3080,#2506,#2507);
#2083=AXIS2_PLACEMENT_3D('',#3092,#2515,#2516);
#2084=AXIS2_PLACEMENT_3D('',#3094,#2518,#2519);
#2085=AXIS2_PLACEMENT_3D('',#3096,#2521,#2522);
#2086=AXIS2_PLACEMENT_3D('',#3098,#2524,#2525);
#2087=AXIS2_PLACEMENT_3D('',#3100,#2527,#2528);
#2088=AXIS2_PLACEMENT_3D('',#3101,#2529,#2530);
#2089=AXIS2_PLACEMENT_3D('',#3103,#2532,#2533);
#2090=AXIS2_PLACEMENT_3D('',#3105,#2535,#2536);
#2091=AXIS2_PLACEMENT_3D('',#3107,#2538,#2539);
#2092=AXIS2_PLACEMENT_3D('',#3122,#2548,#2549);
#2093=AXIS2_PLACEMENT_3D('',#3123,#2550,#2551);
#2094=AXIS2_PLACEMENT_3D('',#3126,#2554,#2555);
#2095=AXIS2_PLACEMENT_3D('',#3134,#2560,#2561);
#2096=AXIS2_PLACEMENT_3D('',#3142,#2566,#2567);
#2097=AXIS2_PLACEMENT_3D('',#3144,#2569,#2570);
#2098=AXIS2_PLACEMENT_3D('',#3152,#2575,#2576);
#2099=AXIS2_PLACEMENT_3D('',#3160,#2581,#2582);
#2100=AXIS2_PLACEMENT_3D('',#3162,#2584,#2585);
#2101=AXIS2_PLACEMENT_3D('',#3170,#2590,#2591);
#2102=AXIS2_PLACEMENT_3D('',#3178,#2596,#2597);
#2103=AXIS2_PLACEMENT_3D('',#3180,#2599,#2600);
#2104=AXIS2_PLACEMENT_3D('',#3188,#2605,#2606);
#2105=AXIS2_PLACEMENT_3D('',#3196,#2611,#2612);
#2106=AXIS2_PLACEMENT_3D('',#3198,#2614,#2615);
#2107=AXIS2_PLACEMENT_3D('',#3201,#2618,#2619);
#2108=AXIS2_PLACEMENT_3D('',#3204,#2622,#2623);
#2109=AXIS2_PLACEMENT_3D('',#3205,#2624,#2625);
#2110=AXIS2_PLACEMENT_3D('',#3206,#2626,#2627);
#2111=AXIS2_PLACEMENT_3D('',#3207,#2628,#2629);
#2112=AXIS2_PLACEMENT_3D('',#3208,#2630,#2631);
#2113=AXIS2_PLACEMENT_3D('',#3211,#2634,#2635);
#2114=AXIS2_PLACEMENT_3D('',#3214,#2638,#2639);
#2115=AXIS2_PLACEMENT_3D('',#3215,#2640,#2641);
#2116=AXIS2_PLACEMENT_3D('',#3216,#2642,#2643);
#2117=AXIS2_PLACEMENT_3D('',#3217,#2644,#2645);
#2118=AXIS2_PLACEMENT_3D('',#3218,#2646,#2647);
#2119=AXIS2_PLACEMENT_3D('',#3221,#2650,#2651);
#2120=AXIS2_PLACEMENT_3D('',#3223,#2653,#2654);
#2121=AXIS2_PLACEMENT_3D('',#3225,#2656,#2657);
#2122=AXIS2_PLACEMENT_3D('',#3227,#2659,#2660);
#2123=AXIS2_PLACEMENT_3D('',#3229,#2662,#2663);
#2124=AXIS2_PLACEMENT_3D('',#3231,#2665,#2666);
#2125=AXIS2_PLACEMENT_3D('',#3233,#2668,#2669);
#2126=DIRECTION('',(0.,0.,1.));
#2127=DIRECTION('',(1.,0.,0.));
#2128=DIRECTION('',(0.,1.,0.));
#2129=DIRECTION('',(0.,0.,1.));
#2130=DIRECTION('',(1.,0.,0.));
#2131=DIRECTION('',(0.,0.,1.));
#2132=DIRECTION('',(-1.,0.,0.));
#2133=DIRECTION('',(0.,0.,1.));
#2134=DIRECTION('',(0.,0.,1.));
#2135=DIRECTION('',(1.,0.,0.));
#2136=DIRECTION('',(0.,0.,1.));
#2137=DIRECTION('',(1.,0.,0.));
#2138=DIRECTION('',(0.,0.,1.));
#2139=DIRECTION('',(1.,0.,0.));
#2140=DIRECTION('',(0.,0.,1.));
#2141=DIRECTION('',(-1.,0.,0.));
#2142=DIRECTION('',(0.,0.,1.));
#2143=DIRECTION('',(0.,1.,0.));
#2144=DIRECTION('',(0.,-1.,0.));
#2145=DIRECTION('',(0.,0.,1.));
#2146=DIRECTION('',(0.,0.,1.));
#2147=DIRECTION('',(1.,0.,0.));
#2148=DIRECTION('',(0.,0.,1.));
#2149=DIRECTION('',(1.,0.,0.));
#2150=DIRECTION('',(0.,0.,1.));
#2151=DIRECTION('',(1.,0.,0.));
#2152=DIRECTION('',(0.,0.,1.));
#2153=DIRECTION('',(0.,1.,0.));
#2154=DIRECTION('',(0.,0.,1.));
#2155=DIRECTION('',(-1.,0.,0.));
#2156=DIRECTION('',(0.,0.,1.));
#2157=DIRECTION('',(1.,0.,0.));
#2158=DIRECTION('',(0.,0.,1.));
#2159=DIRECTION('',(1.,0.,0.));
#2160=DIRECTION('',(0.,0.,1.));
#2161=DIRECTION('',(1.,0.,0.));
#2162=DIRECTION('',(0.,0.,1.));
#2163=DIRECTION('',(1.,0.,0.));
#2164=DIRECTION('',(0.,0.,1.));
#2165=DIRECTION('',(-1.,-5.78241158658939E-16,0.));
#2166=DIRECTION('',(5.78241158658939E-16,-1.,0.));
#2167=DIRECTION('',(5.78241158658939E-16,-1.,0.));
#2168=DIRECTION('',(0.,0.,1.));
#2169=DIRECTION('',(-5.78241158658939E-16,1.,0.));
#2170=DIRECTION('',(0.,0.,1.));
#2171=DIRECTION('',(1.,0.,0.));
#2172=DIRECTION('',(0.,0.,1.));
#2173=DIRECTION('',(1.,0.,0.));
#2174=DIRECTION('',(0.,0.,1.));
#2175=DIRECTION('',(1.,0.,0.));
#2176=DIRECTION('',(0.,1.,0.));
#2177=DIRECTION('',(0.,0.,1.));
#2178=DIRECTION('',(1.,0.,0.));
#2179=DIRECTION('',(0.,0.,1.));
#2180=DIRECTION('',(-1.,0.,0.));
#2181=DIRECTION('',(0.,0.,1.));
#2182=DIRECTION('',(0.,0.,1.));
#2183=DIRECTION('',(1.,0.,0.));
#2184=DIRECTION('',(0.,0.,1.));
#2185=DIRECTION('',(1.,0.,0.));
#2186=DIRECTION('',(0.,0.,1.));
#2187=DIRECTION('',(1.,0.,0.));
#2188=DIRECTION('',(0.,0.,1.));
#2189=DIRECTION('',(-1.,0.,0.));
#2190=DIRECTION('',(0.,0.,1.));
#2191=DIRECTION('',(0.,1.,0.));
#2192=DIRECTION('',(0.,-1.,0.));
#2193=DIRECTION('',(0.,0.,1.));
#2194=DIRECTION('',(0.,0.,1.));
#2195=DIRECTION('',(1.,0.,0.));
#2196=DIRECTION('',(0.,0.,1.));
#2197=DIRECTION('',(1.,0.,0.));
#2198=DIRECTION('',(0.,0.,1.));
#2199=DIRECTION('',(1.,0.,0.));
#2200=DIRECTION('',(0.,0.,1.));
#2201=DIRECTION('',(0.,1.,0.));
#2202=DIRECTION('',(0.,0.,1.));
#2203=DIRECTION('',(-1.,0.,0.));
#2204=DIRECTION('',(0.,0.,1.));
#2205=DIRECTION('',(1.,0.,0.));
#2206=DIRECTION('',(0.,0.,1.));
#2207=DIRECTION('',(1.,0.,0.));
#2208=DIRECTION('',(0.,0.,1.));
#2209=DIRECTION('',(1.,0.,0.));
#2210=DIRECTION('',(0.,0.,1.));
#2211=DIRECTION('',(1.,0.,0.));
#2212=DIRECTION('',(0.,0.,1.));
#2213=DIRECTION('',(-1.,-5.78241158658939E-16,0.));
#2214=DIRECTION('',(5.78241158658939E-16,-1.,0.));
#2215=DIRECTION('',(5.78241158658939E-16,-1.,0.));
#2216=DIRECTION('',(0.,0.,1.));
#2217=DIRECTION('',(-5.78241158658939E-16,1.,0.));
#2218=DIRECTION('',(0.,0.,1.));
#2219=DIRECTION('',(1.,0.,0.));
#2220=DIRECTION('',(0.,0.,1.));
#2221=DIRECTION('',(1.,0.,0.));
#2222=DIRECTION('',(0.,0.,1.));
#2223=DIRECTION('',(1.,0.,0.));
#2224=DIRECTION('',(0.,1.,0.));
#2225=DIRECTION('',(0.,0.,1.));
#2226=DIRECTION('',(1.,0.,0.));
#2227=DIRECTION('',(0.,0.,1.));
#2228=DIRECTION('',(-1.,0.,0.));
#2229=DIRECTION('',(0.,0.,1.));
#2230=DIRECTION('',(0.,0.,1.));
#2231=DIRECTION('',(1.,0.,0.));
#2232=DIRECTION('',(0.,0.,1.));
#2233=DIRECTION('',(1.,0.,0.));
#2234=DIRECTION('',(0.,0.,1.));
#2235=DIRECTION('',(1.,0.,0.));
#2236=DIRECTION('',(0.,0.,1.));
#2237=DIRECTION('',(-1.,0.,0.));
#2238=DIRECTION('',(0.,0.,1.));
#2239=DIRECTION('',(0.,1.,0.));
#2240=DIRECTION('',(0.,-1.,0.));
#2241=DIRECTION('',(0.,0.,1.));
#2242=DIRECTION('',(0.,0.,1.));
#2243=DIRECTION('',(1.,0.,0.));
#2244=DIRECTION('',(0.,0.,1.));
#2245=DIRECTION('',(1.,0.,0.));
#2246=DIRECTION('',(0.,0.,1.));
#2247=DIRECTION('',(1.,0.,0.));
#2248=DIRECTION('',(0.,0.,1.));
#2249=DIRECTION('',(0.,1.,0.));
#2250=DIRECTION('',(0.,0.,1.));
#2251=DIRECTION('',(-1.,0.,0.));
#2252=DIRECTION('',(0.,0.,1.));
#2253=DIRECTION('',(1.,0.,0.));
#2254=DIRECTION('',(0.,0.,1.));
#2255=DIRECTION('',(1.,0.,0.));
#2256=DIRECTION('',(0.,0.,1.));
#2257=DIRECTION('',(1.,0.,0.));
#2258=DIRECTION('',(0.,0.,1.));
#2259=DIRECTION('',(1.,0.,0.));
#2260=DIRECTION('',(0.,0.,1.));
#2261=DIRECTION('',(-1.,-5.78241158658939E-16,0.));
#2262=DIRECTION('',(5.78241158658939E-16,-1.,0.));
#2263=DIRECTION('',(5.78241158658939E-16,-1.,0.));
#2264=DIRECTION('',(0.,0.,1.));
#2265=DIRECTION('',(-5.78241158658939E-16,1.,0.));
#2266=DIRECTION('',(0.,0.,1.));
#2267=DIRECTION('',(1.,0.,0.));
#2268=DIRECTION('',(0.,0.,1.));
#2269=DIRECTION('',(1.,0.,0.));
#2270=DIRECTION('',(0.,0.,1.));
#2271=DIRECTION('',(1.,0.,0.));
#2272=DIRECTION('',(0.,1.,0.));
#2273=DIRECTION('',(0.,0.,1.));
#2274=DIRECTION('',(1.,0.,0.));
#2275=DIRECTION('',(0.,0.,1.));
#2276=DIRECTION('',(-1.,0.,0.));
#2277=DIRECTION('',(0.,0.,1.));
#2278=DIRECTION('',(0.,0.,1.));
#2279=DIRECTION('',(1.,0.,0.));
#2280=DIRECTION('',(0.,0.,1.));
#2281=DIRECTION('',(1.,0.,0.));
#2282=DIRECTION('',(0.,0.,1.));
#2283=DIRECTION('',(1.,0.,0.));
#2284=DIRECTION('',(0.,0.,1.));
#2285=DIRECTION('',(-1.,0.,0.));
#2286=DIRECTION('',(0.,0.,1.));
#2287=DIRECTION('',(0.,1.,0.));
#2288=DIRECTION('',(0.,-1.,0.));
#2289=DIRECTION('',(0.,0.,1.));
#2290=DIRECTION('',(0.,0.,1.));
#2291=DIRECTION('',(1.,0.,0.));
#2292=DIRECTION('',(0.,0.,1.));
#2293=DIRECTION('',(1.,0.,0.));
#2294=DIRECTION('',(0.,0.,1.));
#2295=DIRECTION('',(1.,0.,0.));
#2296=DIRECTION('',(0.,0.,1.));
#2297=DIRECTION('',(0.,1.,0.));
#2298=DIRECTION('',(0.,0.,1.));
#2299=DIRECTION('',(-1.,0.,0.));
#2300=DIRECTION('',(0.,0.,1.));
#2301=DIRECTION('',(1.,0.,0.));
#2302=DIRECTION('',(0.,0.,1.));
#2303=DIRECTION('',(1.,0.,0.));
#2304=DIRECTION('',(0.,0.,1.));
#2305=DIRECTION('',(1.,0.,0.));
#2306=DIRECTION('',(0.,0.,1.));
#2307=DIRECTION('',(1.,0.,0.));
#2308=DIRECTION('',(0.,0.,1.));
#2309=DIRECTION('',(-1.,-5.78241158658939E-16,0.));
#2310=DIRECTION('',(5.78241158658939E-16,-1.,0.));
#2311=DIRECTION('',(5.78241158658939E-16,-1.,0.));
#2312=DIRECTION('',(0.,0.,1.));
#2313=DIRECTION('',(-5.78241158658939E-16,1.,0.));
#2314=DIRECTION('',(0.,0.,1.));
#2315=DIRECTION('',(1.,0.,0.));
#2316=DIRECTION('',(0.,0.,1.));
#2317=DIRECTION('',(1.,0.,0.));
#2318=DIRECTION('',(0.,0.,1.));
#2319=DIRECTION('',(1.,0.,0.));
#2320=DIRECTION('',(-1.,-1.90978731300199E-16,0.));
#2321=DIRECTION('',(1.90978731300199E-16,-1.,0.));
#2322=DIRECTION('',(0.,0.,1.));
#2323=DIRECTION('',(-1.90978731300199E-16,1.,0.));
#2324=DIRECTION('',(0.,0.,1.));
#2325=DIRECTION('',(1.90978731300199E-16,-1.,0.));
#2326=DIRECTION('',(0.,0.,1.));
#2327=DIRECTION('',(-1.90978731300199E-16,1.,0.));
#2328=DIRECTION('',(0.,0.,1.));
#2329=DIRECTION('',(0.,0.,1.));
#2330=DIRECTION('',(1.90978731300199E-16,-1.,0.));
#2331=DIRECTION('',(0.,0.,1.));
#2332=DIRECTION('',(0.,0.,1.));
#2333=DIRECTION('',(1.,0.,0.));
#2334=DIRECTION('',(1.,0.,0.));
#2335=DIRECTION('',(0.,0.,1.));
#2336=DIRECTION('',(1.,0.,0.));
#2337=DIRECTION('',(1.,0.,0.));
#2338=DIRECTION('',(0.,0.,1.));
#2339=DIRECTION('',(1.,0.,0.));
#2340=DIRECTION('',(-1.,0.,0.));
#2341=DIRECTION('',(0.,0.,1.));
#2342=DIRECTION('',(1.,0.,0.));
#2343=DIRECTION('',(1.,0.,0.));
#2344=DIRECTION('',(0.,0.,1.));
#2345=DIRECTION('',(1.,0.,0.));
#2346=DIRECTION('',(0.,0.,1.));
#2347=DIRECTION('',(1.,0.,0.));
#2348=DIRECTION('',(1.,0.,0.));
#2349=DIRECTION('',(1.90978731300199E-16,-1.,0.));
#2350=DIRECTION('',(-1.,0.,0.));
#2351=DIRECTION('',(0.,0.,1.));
#2352=DIRECTION('',(1.,0.,0.));
#2353=DIRECTION('',(0.,0.,1.));
#2354=DIRECTION('',(1.,0.,0.));
#2355=DIRECTION('',(1.,8.67361737988403E-16,0.));
#2356=DIRECTION('',(0.,0.,1.));
#2357=DIRECTION('',(1.,0.,0.));
#2358=DIRECTION('',(-1.,0.,0.));
#2359=DIRECTION('',(0.,-1.,0.));
#2360=DIRECTION('',(-1.,0.,0.));
#2361=DIRECTION('',(0.,0.,1.));
#2362=DIRECTION('',(1.,0.,0.));
#2363=DIRECTION('',(-1.,0.,0.));
#2364=DIRECTION('',(0.,0.,1.));
#2365=DIRECTION('',(1.,0.,0.));
#2366=DIRECTION('',(-1.,0.,0.));
#2367=DIRECTION('',(0.,1.,0.));
#2368=DIRECTION('',(-1.,0.,0.));
#2369=DIRECTION('',(0.,0.,1.));
#2370=DIRECTION('',(1.,0.,0.));
#2371=DIRECTION('',(0.,0.,1.));
#2372=DIRECTION('',(1.,0.,0.));
#2373=DIRECTION('',(1.,0.,0.));
#2374=DIRECTION('',(0.,0.,1.));
#2375=DIRECTION('',(1.,0.,0.));
#2376=DIRECTION('',(0.,1.,0.));
#2377=DIRECTION('',(0.,0.,1.));
#2378=DIRECTION('',(1.,0.,0.));
#2379=DIRECTION('',(1.,0.,0.));
#2380=DIRECTION('',(0.,0.,1.));
#2381=DIRECTION('',(1.,0.,0.));
#2382=DIRECTION('',(-5.78241158658939E-16,1.,0.));
#2383=DIRECTION('',(0.,0.,1.));
#2384=DIRECTION('',(1.,0.,0.));
#2385=DIRECTION('',(1.,0.,0.));
#2386=DIRECTION('',(0.,0.,1.));
#2387=DIRECTION('',(1.,0.,0.));
#2388=DIRECTION('',(2.37227142013923E-16,-1.,0.));
#2389=DIRECTION('',(0.,0.,1.));
#2390=DIRECTION('',(1.,0.,0.));
#2391=DIRECTION('',(1.,0.,0.));
#2392=DIRECTION('',(0.,0.,1.));
#2393=DIRECTION('',(1.,0.,0.));
#2394=DIRECTION('',(1.77920356510441E-16,-1.,0.));
#2395=DIRECTION('',(0.,0.,1.));
#2396=DIRECTION('',(1.,0.,0.));
#2397=DIRECTION('',(-1.,0.,0.));
#2398=DIRECTION('',(0.,1.,0.));
#2399=DIRECTION('',(-1.,0.,0.));
#2400=DIRECTION('',(0.,0.,1.));
#2401=DIRECTION('',(1.,0.,0.));
#2402=DIRECTION('',(-2.54638308400266E-16,1.,0.));
#2403=DIRECTION('',(0.,0.,1.));
#2404=DIRECTION('',(1.,0.,0.));
#2405=DIRECTION('',(1.,0.,0.));
#2406=DIRECTION('',(0.,0.,1.));
#2407=DIRECTION('',(1.,0.,0.));
#2408=DIRECTION('',(1.90978731300199E-16,-1.,0.));
#2409=DIRECTION('',(0.,0.,1.));
#2410=DIRECTION('',(1.,0.,0.));
#2411=DIRECTION('',(-1.,0.,0.));
#2412=DIRECTION('',(0.,-1.,0.));
#2413=DIRECTION('',(-1.,0.,0.));
#2414=DIRECTION('',(0.,0.,1.));
#2415=DIRECTION('',(1.,0.,0.));
#2416=DIRECTION('',(0.,0.,1.));
#2417=DIRECTION('',(1.,0.,0.));
#2418=DIRECTION('',(1.,0.,0.));
#2419=DIRECTION('',(0.,0.,1.));
#2420=DIRECTION('',(1.,0.,0.));
#2421=DIRECTION('',(-2.54638308400266E-16,1.,0.));
#2422=DIRECTION('',(0.,0.,1.));
#2423=DIRECTION('',(1.,0.,0.));
#2424=DIRECTION('',(0.,1.,0.));
#2425=DIRECTION('',(0.,0.,1.));
#2426=DIRECTION('',(0.,0.,-1.));
#2427=DIRECTION('',(1.,0.,0.));
#2428=DIRECTION('',(0.,0.,-1.));
#2429=DIRECTION('',(0.,0.,-1.));
#2430=DIRECTION('',(-1.,0.,0.));
#2431=DIRECTION('',(0.,0.,-1.));
#2432=DIRECTION('',(0.,0.,1.));
#2433=DIRECTION('',(1.,0.,0.));
#2434=DIRECTION('',(1.,1.77920356510441E-16,0.));
#2435=DIRECTION('',(-1.77920356510441E-16,1.,0.));
#2436=DIRECTION('',(0.,0.,-1.));
#2437=DIRECTION('',(1.77920356510441E-16,-1.,0.));
#2438=DIRECTION('',(0.,0.,-1.));
#2439=DIRECTION('',(-1.,0.,0.));
#2440=DIRECTION('',(0.,0.,-1.));
#2441=DIRECTION('',(0.,0.,1.));
#2442=DIRECTION('',(1.,0.,0.));
#2443=DIRECTION('',(0.,1.,0.));
#2444=DIRECTION('',(0.,0.,1.));
#2445=DIRECTION('',(0.,0.,-1.));
#2446=DIRECTION('',(1.,0.,0.));
#2447=DIRECTION('',(0.,0.,-1.));
#2448=DIRECTION('',(-1.,0.,0.));
#2449=DIRECTION('',(0.,0.,-1.));
#2450=DIRECTION('',(0.,0.,1.));
#2451=DIRECTION('',(1.,0.,0.));
#2452=DIRECTION('',(1.,2.37227142013923E-16,0.));
#2453=DIRECTION('',(-2.37227142013923E-16,1.,0.));
#2454=DIRECTION('',(0.,0.,-1.));
#2455=DIRECTION('',(2.37227142013923E-16,-1.,0.));
#2456=DIRECTION('',(0.,0.,-1.));
#2457=DIRECTION('',(-1.,0.,0.));
#2458=DIRECTION('',(0.,0.,1.));
#2459=DIRECTION('',(1.,0.,0.));
#2460=DIRECTION('',(0.,0.,1.));
#2461=DIRECTION('',(1.,0.,0.));
#2462=DIRECTION('',(0.,0.,1.));
#2463=DIRECTION('',(1.,0.,0.));
#2464=DIRECTION('',(-1.,0.,0.));
#2465=DIRECTION('',(0.,0.,1.));
#2466=DIRECTION('',(1.,0.,0.));
#2467=DIRECTION('',(5.78241158658939E-16,-1.,0.));
#2468=DIRECTION('',(0.,0.,1.));
#2469=DIRECTION('',(1.,0.,0.));
#2470=DIRECTION('',(-1.,0.,0.));
#2471=DIRECTION('',(0.,0.,1.));
#2472=DIRECTION('',(1.,0.,0.));
#2473=DIRECTION('',(0.,-1.,0.));
#2474=DIRECTION('',(0.,1.,0.));
#2475=DIRECTION('',(0.,0.,1.));
#2476=DIRECTION('',(0.,0.,1.));
#2477=DIRECTION('',(0.,0.,1.));
#2478=DIRECTION('',(1.,0.,0.));
#2479=DIRECTION('',(0.,0.,-1.));
#2480=DIRECTION('',(0.,0.,1.));
#2481=DIRECTION('',(0.,1.,0.));
#2482=DIRECTION('',(0.,0.,1.));
#2483=DIRECTION('',(0.,0.,1.));
#2484=DIRECTION('',(0.,0.,1.));
#2485=DIRECTION('',(1.,0.,0.));
#2486=DIRECTION('',(0.,0.,1.));
#2487=DIRECTION('',(1.,2.54638308400266E-16,0.));
#2488=DIRECTION('',(-2.54638308400266E-16,1.,0.));
#2489=DIRECTION('',(0.,0.,1.));
#2490=DIRECTION('',(-2.54638308400266E-16,1.,0.));
#2491=DIRECTION('',(0.,0.,1.));
#2492=DIRECTION('',(-2.54638308400266E-16,1.,0.));
#2493=DIRECTION('',(0.,0.,1.));
#2494=DIRECTION('',(-2.54638308400266E-16,1.,0.));
#2495=DIRECTION('',(0.,0.,1.));
#2496=DIRECTION('',(0.,0.,1.));
#2497=DIRECTION('',(0.,0.,1.));
#2498=DIRECTION('',(1.,0.,0.));
#2499=DIRECTION('',(0.,0.,1.));
#2500=DIRECTION('',(0.,-1.,0.));
#2501=DIRECTION('',(0.,0.,-1.));
#2502=DIRECTION('',(0.,0.,1.));
#2503=DIRECTION('',(0.,0.,1.));
#2504=DIRECTION('',(1.,0.,0.));
#2505=DIRECTION('',(0.,0.,1.));
#2506=DIRECTION('',(-1.,-1.90978731300199E-16,0.));
#2507=DIRECTION('',(1.90978731300199E-16,-1.,0.));
#2508=DIRECTION('',(0.,0.,1.));
#2509=DIRECTION('',(1.90978731300199E-16,-1.,0.));
#2510=DIRECTION('',(0.,0.,1.));
#2511=DIRECTION('',(0.,0.,1.));
#2512=DIRECTION('',(1.90978731300199E-16,-1.,0.));
#2513=DIRECTION('',(0.,0.,1.));
#2514=DIRECTION('',(0.,0.,1.));
#2515=DIRECTION('',(0.,0.,1.));
#2516=DIRECTION('',(1.,0.,0.));
#2517=DIRECTION('',(0.,0.,1.));
#2518=DIRECTION('',(0.,1.,0.));
#2519=DIRECTION('',(0.,0.,1.));
#2520=DIRECTION('',(0.,0.,1.));
#2521=DIRECTION('',(-1.,0.,0.));
#2522=DIRECTION('',(0.,0.,1.));
#2523=DIRECTION('',(0.,0.,1.));
#2524=DIRECTION('',(0.,1.,0.));
#2525=DIRECTION('',(0.,0.,1.));
#2526=DIRECTION('',(0.,0.,1.));
#2527=DIRECTION('',(0.,0.,1.));
#2528=DIRECTION('',(1.,0.,0.));
#2529=DIRECTION('',(0.,0.,1.));
#2530=DIRECTION('',(1.,0.,0.));
#2531=DIRECTION('',(0.,0.,1.));
#2532=DIRECTION('',(0.,-1.,0.));
#2533=DIRECTION('',(0.,0.,-1.));
#2534=DIRECTION('',(0.,0.,1.));
#2535=DIRECTION('',(0.,0.,1.));
#2536=DIRECTION('',(1.,0.,0.));
#2537=DIRECTION('',(0.,0.,1.));
#2538=DIRECTION('',(1.,2.54638308400266E-16,0.));
#2539=DIRECTION('',(-2.54638308400266E-16,1.,0.));
#2540=DIRECTION('',(0.,0.,1.));
#2541=DIRECTION('',(2.54638308400266E-16,-1.,0.));
#2542=DIRECTION('',(0.,0.,1.));
#2543=DIRECTION('',(0.,0.,1.));
#2544=DIRECTION('',(0.,0.,1.));
#2545=DIRECTION('',(2.54638308400266E-16,-1.,0.));
#2546=DIRECTION('',(0.,0.,1.));
#2547=DIRECTION('',(-2.54638308400266E-16,1.,0.));
#2548=DIRECTION('',(0.,0.,1.));
#2549=DIRECTION('',(1.,0.,0.));
#2550=DIRECTION('',(0.,0.,1.));
#2551=DIRECTION('',(1.,0.,0.));
#2552=DIRECTION('',(1.,0.,0.));
#2553=DIRECTION('',(-1.,0.,0.));
#2554=DIRECTION('',(0.,1.,0.));
#2555=DIRECTION('',(0.,0.,1.));
#2556=DIRECTION('',(0.,0.,1.));
#2557=DIRECTION('',(-0.707106781186548,0.,0.707106781186548));
#2558=DIRECTION('',(-1.,0.,0.));
#2559=DIRECTION('',(-0.707106781186547,0.,-0.707106781186548));
#2560=DIRECTION('',(0.,1.,0.));
#2561=DIRECTION('',(0.,0.,1.));
#2562=DIRECTION('',(-1.,0.,0.));
#2563=DIRECTION('',(0.707106781186548,0.,-0.707106781186548));
#2564=DIRECTION('',(0.,0.,1.));
#2565=DIRECTION('',(0.707106781186547,0.,0.707106781186548));
#2566=DIRECTION('',(0.,0.,-1.));
#2567=DIRECTION('',(1.,0.,0.));
#2568=DIRECTION('',(-2.54638308400266E-16,1.,0.));
#2569=DIRECTION('',(0.,1.,0.));
#2570=DIRECTION('',(0.,0.,1.));
#2571=DIRECTION('',(-1.,0.,0.));
#2572=DIRECTION('',(-0.707106781186548,0.,-0.707106781186548));
#2573=DIRECTION('',(0.,0.,1.));
#2574=DIRECTION('',(0.707106781186547,0.,-0.707106781186548));
#2575=DIRECTION('',(0.,1.,0.));
#2576=DIRECTION('',(0.,0.,1.));
#2577=DIRECTION('',(0.,0.,1.));
#2578=DIRECTION('',(0.707106781186548,0.,0.707106781186548));
#2579=DIRECTION('',(-1.,0.,0.));
#2580=DIRECTION('',(-0.707106781186547,0.,0.707106781186548));
#2581=DIRECTION('',(0.,0.,-1.));
#2582=DIRECTION('',(1.,0.,0.));
#2583=DIRECTION('',(-2.54638308400266E-16,-1.,0.));
#2584=DIRECTION('',(8.67361737988403E-16,-1.,0.));
#2585=DIRECTION('',(1.,8.67361737988403E-16,0.));
#2586=DIRECTION('',(1.,8.67361737988403E-16,0.));
#2587=DIRECTION('',(-0.707106781186548,-6.13317366673349E-16,-0.707106781186548));
#2588=DIRECTION('',(0.,0.,1.));
#2589=DIRECTION('',(0.707106781186548,6.13317366673349E-16,-0.707106781186547));
#2590=DIRECTION('',(0.,-1.,0.));
#2591=DIRECTION('',(0.,0.,-1.));
#2592=DIRECTION('',(0.,0.,1.));
#2593=DIRECTION('',(0.707106781186548,0.,0.707106781186548));
#2594=DIRECTION('',(1.,0.,0.));
#2595=DIRECTION('',(-0.707106781186548,0.,0.707106781186547));
#2596=DIRECTION('',(0.,0.,-1.));
#2597=DIRECTION('',(1.,0.,0.));
#2598=DIRECTION('',(-2.54638308400266E-16,-1.,0.));
#2599=DIRECTION('',(0.,-1.,0.));
#2600=DIRECTION('',(0.,0.,-1.));
#2601=DIRECTION('',(1.,0.,0.));
#2602=DIRECTION('',(0.707106781186548,0.,-0.707106781186548));
#2603=DIRECTION('',(0.,0.,1.));
#2604=DIRECTION('',(0.707106781186548,0.,0.707106781186547));
#2605=DIRECTION('',(0.,-1.,0.));
#2606=DIRECTION('',(0.,0.,-1.));
#2607=DIRECTION('',(0.,0.,1.));
#2608=DIRECTION('',(-0.707106781186548,0.,0.707106781186548));
#2609=DIRECTION('',(1.,0.,0.));
#2610=DIRECTION('',(-0.707106781186548,0.,-0.707106781186547));
#2611=DIRECTION('',(0.,0.,-1.));
#2612=DIRECTION('',(1.,0.,0.));
#2613=DIRECTION('',(-2.54638308400266E-16,1.,0.));
#2614=DIRECTION('',(-1.,-2.54638308400266E-16,0.));
#2615=DIRECTION('',(2.54638308400266E-16,-1.,0.));
#2616=DIRECTION('',(2.54638308400266E-16,-1.,0.));
#2617=DIRECTION('',(2.54638308400266E-16,-1.,0.));
#2618=DIRECTION('',(-1.,-2.54638308400266E-16,0.));
#2619=DIRECTION('',(2.54638308400266E-16,-1.,0.));
#2620=DIRECTION('',(2.54638308400266E-16,-1.,0.));
#2621=DIRECTION('',(2.54638308400266E-16,-1.,0.));
#2622=DIRECTION('',(0.707106781186548,1.80056474619699E-16,-0.707106781186547));
#2623=DIRECTION('',(2.54638308400266E-16,-1.,0.));
#2624=DIRECTION('',(0.707106781186547,1.80056474619699E-16,-0.707106781186548));
#2625=DIRECTION('',(2.54638308400266E-16,-1.,0.));
#2626=DIRECTION('',(0.707106781186548,1.80056474619699E-16,0.707106781186548));
#2627=DIRECTION('',(-2.54638308400266E-16,1.,0.));
#2628=DIRECTION('',(0.707106781186548,1.80056474619699E-16,0.707106781186548));
#2629=DIRECTION('',(-2.54638308400266E-16,1.,0.));
#2630=DIRECTION('',(1.,-2.54638308400266E-16,0.));
#2631=DIRECTION('',(-2.54638308400266E-16,-1.,0.));
#2632=DIRECTION('',(2.54638308400266E-16,1.,0.));
#2633=DIRECTION('',(-2.54638308400266E-16,-1.,0.));
#2634=DIRECTION('',(1.,-2.54638308400266E-16,0.));
#2635=DIRECTION('',(-2.54638308400266E-16,-1.,0.));
#2636=DIRECTION('',(2.54638308400266E-16,1.,0.));
#2637=DIRECTION('',(-2.54638308400266E-16,-1.,0.));
#2638=DIRECTION('',(0.707106781186547,1.35042355964774E-16,0.707106781186548));
#2639=DIRECTION('',(-1.90978731300199E-16,1.,0.));
#2640=DIRECTION('',(0.707106781186548,1.35042355964774E-16,0.707106781186547));
#2641=DIRECTION('',(-1.90978731300199E-16,1.,0.));
#2642=DIRECTION('',(-0.707106781186548,1.80056474619699E-16,0.707106781186548));
#2643=DIRECTION('',(2.54638308400266E-16,1.,0.));
#2644=DIRECTION('',(-0.707106781186548,1.80056474619699E-16,0.707106781186548));
#2645=DIRECTION('',(2.54638308400266E-16,1.,0.));
#2646=DIRECTION('',(0.,0.,1.));
#2647=DIRECTION('',(1.,0.,0.));
#2648=DIRECTION('',(0.,0.,1.));
#2649=DIRECTION('',(0.,0.,1.));
#2650=DIRECTION('',(-1.,0.,0.));
#2651=DIRECTION('',(0.,0.,1.));
#2652=DIRECTION('',(0.,0.,1.));
#2653=DIRECTION('',(0.,0.,1.));
#2654=DIRECTION('',(1.,0.,0.));
#2655=DIRECTION('',(0.,0.,1.));
#2656=DIRECTION('',(0.,1.,0.));
#2657=DIRECTION('',(0.,0.,1.));
#2658=DIRECTION('',(0.,0.,1.));
#2659=DIRECTION('',(0.,0.,1.));
#2660=DIRECTION('',(1.,0.,0.));
#2661=DIRECTION('',(0.,0.,1.));
#2662=DIRECTION('',(-1.,-5.78241158658939E-16,0.));
#2663=DIRECTION('',(5.78241158658939E-16,-1.,0.));
#2664=DIRECTION('',(0.,0.,1.));
#2665=DIRECTION('',(0.,1.,0.));
#2666=DIRECTION('',(0.,0.,1.));
#2667=DIRECTION('',(0.,0.,1.));
#2668=DIRECTION('',(0.,0.,1.));
#2669=DIRECTION('',(1.,0.,0.));
#2670=CARTESIAN_POINT('',(0.,0.,0.));
#2671=CARTESIAN_POINT('',(-0.025,0.01,0.008898));
#2672=CARTESIAN_POINT('',(-0.025,0.01,0.0129));
#2673=CARTESIAN_POINT('',(-0.034,0.01,0.0129));
#2674=CARTESIAN_POINT('',(-0.016,0.01,0.0129));
#2675=CARTESIAN_POINT('',(-0.016,0.01,0.008898));
#2676=CARTESIAN_POINT('',(-0.016,0.01,0.0149));
#2677=CARTESIAN_POINT('',(-0.025,0.01,0.0149));
#2678=CARTESIAN_POINT('',(-0.034,0.01,0.0149));
#2679=CARTESIAN_POINT('',(-0.034,0.01,0.008898));
#2680=CARTESIAN_POINT('',(-0.034,0.009,0.008898));
#2681=CARTESIAN_POINT('',(-0.034,0.009,0.0129));
#2682=CARTESIAN_POINT('',(-0.035,0.009,0.0129));
#2683=CARTESIAN_POINT('',(-0.034,0.009,0.0149));
#2684=CARTESIAN_POINT('',(-0.035,0.009,0.0149));
#2685=CARTESIAN_POINT('',(-0.035,0.009,0.008898));
#2686=CARTESIAN_POINT('',(-0.035,0.0075,0.008898));
#2687=CARTESIAN_POINT('',(-0.035,0.0075,0.0129));
#2688=CARTESIAN_POINT('',(-0.035,0.006,0.0129));
#2689=CARTESIAN_POINT('',(-0.035,0.0075,0.0149));
#2690=CARTESIAN_POINT('',(-0.035,0.006,0.0149));
#2691=CARTESIAN_POINT('',(-0.035,0.006,0.008898));
#2692=CARTESIAN_POINT('',(-0.034,0.006,0.008898));
#2693=CARTESIAN_POINT('',(-0.034,0.006,0.0129));
#2694=CARTESIAN_POINT('',(-0.034,0.005,0.0129));
#2695=CARTESIAN_POINT('',(-0.034,0.006,0.0149));
#2696=CARTESIAN_POINT('',(-0.034,0.005,0.0149));
#2697=CARTESIAN_POINT('',(-0.034,0.005,0.008898));
#2698=CARTESIAN_POINT('',(-0.025,0.005,0.008898));
#2699=CARTESIAN_POINT('',(-0.025,0.005,0.0149));
#2700=CARTESIAN_POINT('',(-0.016,0.005,0.0149));
#2701=CARTESIAN_POINT('',(-0.016,0.005,0.008898));
#2702=CARTESIAN_POINT('',(-0.016,0.005,0.0129));
#2703=CARTESIAN_POINT('',(-0.025,0.005,0.0129));
#2704=CARTESIAN_POINT('',(-0.016,0.006,0.008898));
#2705=CARTESIAN_POINT('',(-0.016,0.006,0.0129));
#2706=CARTESIAN_POINT('',(-0.015,0.006,0.0129));
#2707=CARTESIAN_POINT('',(-0.016,0.006,0.0149));
#2708=CARTESIAN_POINT('',(-0.015,0.006,0.0149));
#2709=CARTESIAN_POINT('',(-0.015,0.006,0.008898));
#2710=CARTESIAN_POINT('',(-0.015,0.0075,0.008898));
#2711=CARTESIAN_POINT('',(-0.015,0.0075,0.0149));
#2712=CARTESIAN_POINT('',(-0.015,0.009,0.0149));
#2713=CARTESIAN_POINT('',(-0.015,0.009,0.008898));
#2714=CARTESIAN_POINT('',(-0.015,0.009,0.0129));
#2715=CARTESIAN_POINT('',(-0.015,0.0075,0.0129));
#2716=CARTESIAN_POINT('',(-0.016,0.009,0.008898));
#2717=CARTESIAN_POINT('',(-0.016,0.009,0.0129));
#2718=CARTESIAN_POINT('',(-0.016,0.009,0.0149));
#2719=CARTESIAN_POINT('',(-0.025,0.02,0.008898));
#2720=CARTESIAN_POINT('',(-0.025,0.02,0.0129));
#2721=CARTESIAN_POINT('',(-0.034,0.02,0.0129));
#2722=CARTESIAN_POINT('',(-0.016,0.02,0.0129));
#2723=CARTESIAN_POINT('',(-0.016,0.02,0.008898));
#2724=CARTESIAN_POINT('',(-0.016,0.02,0.0149));
#2725=CARTESIAN_POINT('',(-0.025,0.02,0.0149));
#2726=CARTESIAN_POINT('',(-0.034,0.02,0.0149));
#2727=CARTESIAN_POINT('',(-0.034,0.02,0.008898));
#2728=CARTESIAN_POINT('',(-0.034,0.019,0.008898));
#2729=CARTESIAN_POINT('',(-0.034,0.019,0.0129));
#2730=CARTESIAN_POINT('',(-0.035,0.019,0.0129));
#2731=CARTESIAN_POINT('',(-0.034,0.019,0.0149));
#2732=CARTESIAN_POINT('',(-0.035,0.019,0.0149));
#2733=CARTESIAN_POINT('',(-0.035,0.019,0.008898));
#2734=CARTESIAN_POINT('',(-0.035,0.0175,0.008898));
#2735=CARTESIAN_POINT('',(-0.035,0.0175,0.0129));
#2736=CARTESIAN_POINT('',(-0.035,0.016,0.0129));
#2737=CARTESIAN_POINT('',(-0.035,0.0175,0.0149));
#2738=CARTESIAN_POINT('',(-0.035,0.016,0.0149));
#2739=CARTESIAN_POINT('',(-0.035,0.016,0.008898));
#2740=CARTESIAN_POINT('',(-0.034,0.016,0.008898));
#2741=CARTESIAN_POINT('',(-0.034,0.016,0.0129));
#2742=CARTESIAN_POINT('',(-0.034,0.015,0.0129));
#2743=CARTESIAN_POINT('',(-0.034,0.016,0.0149));
#2744=CARTESIAN_POINT('',(-0.034,0.015,0.0149));
#2745=CARTESIAN_POINT('',(-0.034,0.015,0.008898));
#2746=CARTESIAN_POINT('',(-0.025,0.015,0.008898));
#2747=CARTESIAN_POINT('',(-0.025,0.015,0.0149));
#2748=CARTESIAN_POINT('',(-0.016,0.015,0.0149));
#2749=CARTESIAN_POINT('',(-0.016,0.015,0.008898));
#2750=CARTESIAN_POINT('',(-0.016,0.015,0.0129));
#2751=CARTESIAN_POINT('',(-0.025,0.015,0.0129));
#2752=CARTESIAN_POINT('',(-0.016,0.016,0.008898));
#2753=CARTESIAN_POINT('',(-0.016,0.016,0.0129));
#2754=CARTESIAN_POINT('',(-0.015,0.016,0.0129));
#2755=CARTESIAN_POINT('',(-0.016,0.016,0.0149));
#2756=CARTESIAN_POINT('',(-0.015,0.016,0.0149));
#2757=CARTESIAN_POINT('',(-0.015,0.016,0.008898));
#2758=CARTESIAN_POINT('',(-0.015,0.0175,0.008898));
#2759=CARTESIAN_POINT('',(-0.015,0.0175,0.0149));
#2760=CARTESIAN_POINT('',(-0.015,0.019,0.0149));
#2761=CARTESIAN_POINT('',(-0.015,0.019,0.008898));
#2762=CARTESIAN_POINT('',(-0.015,0.019,0.0129));
#2763=CARTESIAN_POINT('',(-0.015,0.0175,0.0129));
#2764=CARTESIAN_POINT('',(-0.016,0.019,0.008898));
#2765=CARTESIAN_POINT('',(-0.016,0.019,0.0129));
#2766=CARTESIAN_POINT('',(-0.016,0.019,0.0149));
#2767=CARTESIAN_POINT('',(-0.025,0.03,0.008898));
#2768=CARTESIAN_POINT('',(-0.025,0.03,0.0129));
#2769=CARTESIAN_POINT('',(-0.034,0.03,0.0129));
#2770=CARTESIAN_POINT('',(-0.016,0.03,0.0129));
#2771=CARTESIAN_POINT('',(-0.016,0.03,0.008898));
#2772=CARTESIAN_POINT('',(-0.016,0.03,0.0149));
#2773=CARTESIAN_POINT('',(-0.025,0.03,0.0149));
#2774=CARTESIAN_POINT('',(-0.034,0.03,0.0149));
#2775=CARTESIAN_POINT('',(-0.034,0.03,0.008898));
#2776=CARTESIAN_POINT('',(-0.034,0.029,0.008898));
#2777=CARTESIAN_POINT('',(-0.034,0.029,0.0129));
#2778=CARTESIAN_POINT('',(-0.035,0.029,0.0129));
#2779=CARTESIAN_POINT('',(-0.034,0.029,0.0149));
#2780=CARTESIAN_POINT('',(-0.035,0.029,0.0149));
#2781=CARTESIAN_POINT('',(-0.035,0.029,0.008898));
#2782=CARTESIAN_POINT('',(-0.035,0.0275,0.008898));
#2783=CARTESIAN_POINT('',(-0.035,0.0275,0.0129));
#2784=CARTESIAN_POINT('',(-0.035,0.026,0.0129));
#2785=CARTESIAN_POINT('',(-0.035,0.0275,0.0149));
#2786=CARTESIAN_POINT('',(-0.035,0.026,0.0149));
#2787=CARTESIAN_POINT('',(-0.035,0.026,0.008898));
#2788=CARTESIAN_POINT('',(-0.034,0.026,0.008898));
#2789=CARTESIAN_POINT('',(-0.034,0.026,0.0129));
#2790=CARTESIAN_POINT('',(-0.034,0.025,0.0129));
#2791=CARTESIAN_POINT('',(-0.034,0.026,0.0149));
#2792=CARTESIAN_POINT('',(-0.034,0.025,0.0149));
#2793=CARTESIAN_POINT('',(-0.034,0.025,0.008898));
#2794=CARTESIAN_POINT('',(-0.025,0.025,0.008898));
#2795=CARTESIAN_POINT('',(-0.025,0.025,0.0149));
#2796=CARTESIAN_POINT('',(-0.016,0.025,0.0149));
#2797=CARTESIAN_POINT('',(-0.016,0.025,0.008898));
#2798=CARTESIAN_POINT('',(-0.016,0.025,0.0129));
#2799=CARTESIAN_POINT('',(-0.025,0.025,0.0129));
#2800=CARTESIAN_POINT('',(-0.016,0.026,0.008898));
#2801=CARTESIAN_POINT('',(-0.016,0.026,0.0129));
#2802=CARTESIAN_POINT('',(-0.015,0.026,0.0129));
#2803=CARTESIAN_POINT('',(-0.016,0.026,0.0149));
#2804=CARTESIAN_POINT('',(-0.015,0.026,0.0149));
#2805=CARTESIAN_POINT('',(-0.015,0.026,0.008898));
#2806=CARTESIAN_POINT('',(-0.015,0.0275,0.008898));
#2807=CARTESIAN_POINT('',(-0.015,0.0275,0.0149));
#2808=CARTESIAN_POINT('',(-0.015,0.029,0.0149));
#2809=CARTESIAN_POINT('',(-0.015,0.029,0.008898));
#2810=CARTESIAN_POINT('',(-0.015,0.029,0.0129));
#2811=CARTESIAN_POINT('',(-0.015,0.0275,0.0129));
#2812=CARTESIAN_POINT('',(-0.016,0.029,0.008898));
#2813=CARTESIAN_POINT('',(-0.016,0.029,0.0129));
#2814=CARTESIAN_POINT('',(-0.016,0.029,0.0149));
#2815=CARTESIAN_POINT('',(-0.025,0.04,0.008898));
#2816=CARTESIAN_POINT('',(-0.025,0.04,0.0129));
#2817=CARTESIAN_POINT('',(-0.034,0.04,0.0129));
#2818=CARTESIAN_POINT('',(-0.016,0.04,0.0129));
#2819=CARTESIAN_POINT('',(-0.016,0.04,0.008898));
#2820=CARTESIAN_POINT('',(-0.016,0.04,0.0149));
#2821=CARTESIAN_POINT('',(-0.025,0.04,0.0149));
#2822=CARTESIAN_POINT('',(-0.034,0.04,0.0149));
#2823=CARTESIAN_POINT('',(-0.034,0.04,0.008898));
#2824=CARTESIAN_POINT('',(-0.034,0.039,0.008898));
#2825=CARTESIAN_POINT('',(-0.034,0.039,0.0129));
#2826=CARTESIAN_POINT('',(-0.035,0.039,0.0129));
#2827=CARTESIAN_POINT('',(-0.034,0.039,0.0149));
#2828=CARTESIAN_POINT('',(-0.035,0.039,0.0149));
#2829=CARTESIAN_POINT('',(-0.035,0.039,0.008898));
#2830=CARTESIAN_POINT('',(-0.035,0.0375,0.008898));
#2831=CARTESIAN_POINT('',(-0.035,0.0375,0.0129));
#2832=CARTESIAN_POINT('',(-0.035,0.036,0.0129));
#2833=CARTESIAN_POINT('',(-0.035,0.0375,0.0149));
#2834=CARTESIAN_POINT('',(-0.035,0.036,0.0149));
#2835=CARTESIAN_POINT('',(-0.035,0.036,0.008898));
#2836=CARTESIAN_POINT('',(-0.034,0.036,0.008898));
#2837=CARTESIAN_POINT('',(-0.034,0.036,0.0129));
#2838=CARTESIAN_POINT('',(-0.034,0.035,0.0129));
#2839=CARTESIAN_POINT('',(-0.034,0.036,0.0149));
#2840=CARTESIAN_POINT('',(-0.034,0.035,0.0149));
#2841=CARTESIAN_POINT('',(-0.034,0.035,0.008898));
#2842=CARTESIAN_POINT('',(-0.025,0.035,0.008898));
#2843=CARTESIAN_POINT('',(-0.025,0.035,0.0149));
#2844=CARTESIAN_POINT('',(-0.016,0.035,0.0149));
#2845=CARTESIAN_POINT('',(-0.016,0.035,0.008898));
#2846=CARTESIAN_POINT('',(-0.016,0.035,0.0129));
#2847=CARTESIAN_POINT('',(-0.025,0.035,0.0129));
#2848=CARTESIAN_POINT('',(-0.016,0.036,0.008898));
#2849=CARTESIAN_POINT('',(-0.016,0.036,0.0129));
#2850=CARTESIAN_POINT('',(-0.015,0.036,0.0129));
#2851=CARTESIAN_POINT('',(-0.016,0.036,0.0149));
#2852=CARTESIAN_POINT('',(-0.015,0.036,0.0149));
#2853=CARTESIAN_POINT('',(-0.015,0.036,0.008898));
#2854=CARTESIAN_POINT('',(-0.015,0.0375,0.008898));
#2855=CARTESIAN_POINT('',(-0.015,0.0375,0.0149));
#2856=CARTESIAN_POINT('',(-0.015,0.039,0.0149));
#2857=CARTESIAN_POINT('',(-0.015,0.039,0.008898));
#2858=CARTESIAN_POINT('',(-0.015,0.039,0.0129));
#2859=CARTESIAN_POINT('',(-0.015,0.0375,0.0129));
#2860=CARTESIAN_POINT('',(-0.016,0.039,0.008898));
#2861=CARTESIAN_POINT('',(-0.016,0.039,0.0129));
#2862=CARTESIAN_POINT('',(-0.016,0.039,0.0149));
#2863=CARTESIAN_POINT('',(-0.0087,0.02925,0.0119));
#2864=CARTESIAN_POINT('',(-0.0087,0.002,0.0089));
#2865=CARTESIAN_POINT('',(-0.0087,0.002,0.0109));
#2866=CARTESIAN_POINT('',(-0.0087,0.002,0.0119));
#2867=CARTESIAN_POINT('',(-0.0087,0.007,0.0109));
#2868=CARTESIAN_POINT('',(-0.0087,0.007,0.0109));
#2869=CARTESIAN_POINT('',(-0.0087,0.007,0.0089));
#2870=CARTESIAN_POINT('',(-0.0087,0.007,0.0119));
#2871=CARTESIAN_POINT('',(-0.0087,0.02925,0.0119));
#2872=CARTESIAN_POINT('',(-0.0087,0.0515,0.0119));
#2873=CARTESIAN_POINT('',(-0.0087,0.0515,0.0089));
#2874=CARTESIAN_POINT('',(-0.0087,0.0515,0.0109));
#2875=CARTESIAN_POINT('',(-0.0087,0.0565,0.0109));
#2876=CARTESIAN_POINT('',(-0.0087,0.0565,0.0109));
#2877=CARTESIAN_POINT('',(-0.0087,0.0565,0.0089));
#2878=CARTESIAN_POINT('',(-0.0087,0.0565,0.0119));
#2879=CARTESIAN_POINT('',(-0.0087,0.0565,0.0119));
#2880=CARTESIAN_POINT('',(-0.0087,0.0565,0.0129));
#2881=CARTESIAN_POINT('',(-0.0087,0.02925,0.0129));
#2882=CARTESIAN_POINT('',(-0.0087,0.002,0.0129));
#2883=CARTESIAN_POINT('',(-0.0087,0.002,0.0119));
#2884=CARTESIAN_POINT('',(-0.025,0.02925,0.0119));
#2885=CARTESIAN_POINT('',(-0.0408,0.0565,0.0119));
#2886=CARTESIAN_POINT('',(-0.0413,0.0565,0.0119));
#2887=CARTESIAN_POINT('',(-0.0403,0.0565,0.0119));
#2888=CARTESIAN_POINT('',(-0.0395,0.0565,0.0119));
#2889=CARTESIAN_POINT('',(-0.0395,0.0583,0.0119));
#2890=CARTESIAN_POINT('',(-0.025,0.0583,0.0119));
#2891=CARTESIAN_POINT('',(-0.0105,0.0583,0.0119));
#2892=CARTESIAN_POINT('',(-0.0105,0.0565,0.0119));
#2893=CARTESIAN_POINT('',(-0.0092,0.0565,0.0119));
#2894=CARTESIAN_POINT('',(-0.0097,0.0565,0.0119));
#2895=CARTESIAN_POINT('',(-0.0105,0.0565,0.0119));
#2896=CARTESIAN_POINT('',(-0.0105,0.0573,0.0119));
#2897=CARTESIAN_POINT('',(-0.025,0.0573,0.0119));
#2898=CARTESIAN_POINT('',(-0.0395,0.0573,0.0119));
#2899=CARTESIAN_POINT('',(-0.0395,0.0565,0.0119));
#2900=CARTESIAN_POINT('',(-0.025,0.02925,0.0119));
#2901=CARTESIAN_POINT('',(-0.0092,0.007,0.0119));
#2902=CARTESIAN_POINT('',(-0.0097,0.007,0.0119));
#2903=CARTESIAN_POINT('',(-0.0097,0.02925,0.0119));
#2904=CARTESIAN_POINT('',(-0.0097,0.0515,0.0119));
#2905=CARTESIAN_POINT('',(-0.0092,0.0515,0.0119));
#2906=CARTESIAN_POINT('',(-0.025,0.02925,0.0119));
#2907=CARTESIAN_POINT('',(-0.0105,0.002,0.0119));
#2908=CARTESIAN_POINT('',(-0.0105,0.0012,0.0119));
#2909=CARTESIAN_POINT('',(-0.0097,0.002,0.0119));
#2910=CARTESIAN_POINT('',(-0.0092,0.002,0.0119));
#2911=CARTESIAN_POINT('',(-0.0105,0.002,0.0119));
#2912=CARTESIAN_POINT('',(-0.0105,0.0002,0.0119));
#2913=CARTESIAN_POINT('',(-0.01525,0.0002,0.0119));
#2914=CARTESIAN_POINT('',(-0.02,0.0002,0.0119));
#2915=CARTESIAN_POINT('',(-0.02,0.0007,0.0119));
#2916=CARTESIAN_POINT('',(-0.02,0.0012,0.0119));
#2917=CARTESIAN_POINT('',(-0.01525,0.0012,0.0119));
#2918=CARTESIAN_POINT('',(-0.025,0.02925,0.0119));
#2919=CARTESIAN_POINT('',(-0.0408,0.002,0.0119));
#2920=CARTESIAN_POINT('',(-0.0403,0.002,0.0119));
#2921=CARTESIAN_POINT('',(-0.0413,0.002,0.0119));
#2922=CARTESIAN_POINT('',(-0.0395,0.002,0.0119));
#2923=CARTESIAN_POINT('',(-0.0395,0.0012,0.0119));
#2924=CARTESIAN_POINT('',(-0.03475,0.0012,0.0119));
#2925=CARTESIAN_POINT('',(-0.03,0.0012,0.0119));
#2926=CARTESIAN_POINT('',(-0.03,0.0007,0.0119));
#2927=CARTESIAN_POINT('',(-0.03,0.0002,0.0119));
#2928=CARTESIAN_POINT('',(-0.03475,0.0002,0.0119));
#2929=CARTESIAN_POINT('',(-0.0395,0.000199999999999996,0.0119));
#2930=CARTESIAN_POINT('',(-0.0395,0.002,0.0119));
#2931=CARTESIAN_POINT('',(-0.025,0.02925,0.0129));
#2932=CARTESIAN_POINT('',(-0.025,0.05,0.0129));
#2933=CARTESIAN_POINT('',(-0.034,0.05,0.0129));
#2934=CARTESIAN_POINT('',(-0.016,0.05,0.0129));
#2935=CARTESIAN_POINT('',(-0.034,0.049,0.0129));
#2936=CARTESIAN_POINT('',(-0.035,0.049,0.0129));
#2937=CARTESIAN_POINT('',(-0.035,0.0475,0.0129));
#2938=CARTESIAN_POINT('',(-0.035,0.046,0.0129));
#2939=CARTESIAN_POINT('',(-0.034,0.046,0.0129));
#2940=CARTESIAN_POINT('',(-0.034,0.045,0.0129));
#2941=CARTESIAN_POINT('',(-0.025,0.045,0.0129));
#2942=CARTESIAN_POINT('',(-0.016,0.045,0.0129));
#2943=CARTESIAN_POINT('',(-0.016,0.046,0.0129));
#2944=CARTESIAN_POINT('',(-0.015,0.046,0.0129));
#2945=CARTESIAN_POINT('',(-0.015,0.0475,0.0129));
#2946=CARTESIAN_POINT('',(-0.015,0.049,0.0129));
#2947=CARTESIAN_POINT('',(-0.016,0.049,0.0129));
#2948=CARTESIAN_POINT('',(-0.025,-0.001,0.0129));
#2949=CARTESIAN_POINT('',(-0.0395,-0.001,0.0129));
#2950=CARTESIAN_POINT('',(-0.0105,-0.001,0.0129));
#2951=CARTESIAN_POINT('',(-0.0395,0.002,0.0129));
#2952=CARTESIAN_POINT('',(-0.0425,0.002,0.0129));
#2953=CARTESIAN_POINT('',(-0.0425,0.02925,0.0129));
#2954=CARTESIAN_POINT('',(-0.0425,0.0565,0.0129));
#2955=CARTESIAN_POINT('',(-0.0395,0.0565,0.0129));
#2956=CARTESIAN_POINT('',(-0.0395,0.0595,0.0129));
#2957=CARTESIAN_POINT('',(-0.025,0.0595,0.0129));
#2958=CARTESIAN_POINT('',(-0.0105,0.0595,0.0129));
#2959=CARTESIAN_POINT('',(-0.0105,0.0565,0.0129));
#2960=CARTESIAN_POINT('',(-0.0075,0.0565,0.0129));
#2961=CARTESIAN_POINT('',(-0.0075,0.02925,0.0129));
#2962=CARTESIAN_POINT('',(-0.0075,0.002,0.0129));
#2963=CARTESIAN_POINT('',(-0.0105,0.002,0.0129));
#2964=CARTESIAN_POINT('',(-0.03475,0.0002,0.0129));
#2965=CARTESIAN_POINT('',(-0.03,0.0002,0.0129));
#2966=CARTESIAN_POINT('',(-0.0395,0.000199999999999996,0.0129));
#2967=CARTESIAN_POINT('',(-0.03,0.0007,0.0129));
#2968=CARTESIAN_POINT('',(-0.03,0.0012,0.0129));
#2969=CARTESIAN_POINT('',(-0.03475,0.0012,0.0129));
#2970=CARTESIAN_POINT('',(-0.0395,0.0012,0.0129));
#2971=CARTESIAN_POINT('',(-0.0395,0.002,0.0129));
#2972=CARTESIAN_POINT('',(-0.0403,0.002,0.0129));
#2973=CARTESIAN_POINT('',(-0.0403,0.02925,0.0129));
#2974=CARTESIAN_POINT('',(-0.0403,0.0565,0.0129));
#2975=CARTESIAN_POINT('',(-0.0395,0.0565,0.0129));
#2976=CARTESIAN_POINT('',(-0.0395,0.0573,0.0129));
#2977=CARTESIAN_POINT('',(-0.025,0.0573,0.0129));
#2978=CARTESIAN_POINT('',(-0.0105,0.0573,0.0129));
#2979=CARTESIAN_POINT('',(-0.0105,0.0565,0.0129));
#2980=CARTESIAN_POINT('',(-0.0097,0.0565,0.0129));
#2981=CARTESIAN_POINT('',(-0.0097,0.02925,0.0129));
#2982=CARTESIAN_POINT('',(-0.0097,0.002,0.0129));
#2983=CARTESIAN_POINT('',(-0.0105,0.002,0.0129));
#2984=CARTESIAN_POINT('',(-0.0105,0.0012,0.0129));
#2985=CARTESIAN_POINT('',(-0.01525,0.0012,0.0129));
#2986=CARTESIAN_POINT('',(-0.02,0.0012,0.0129));
#2987=CARTESIAN_POINT('',(-0.02,0.0007,0.0129));
#2988=CARTESIAN_POINT('',(-0.02,0.0002,0.0129));
#2989=CARTESIAN_POINT('',(-0.01525,0.0002,0.0129));
#2990=CARTESIAN_POINT('',(-0.0105,0.0002,0.0129));
#2991=CARTESIAN_POINT('',(-0.0105,0.002,0.0129));
#2992=CARTESIAN_POINT('',(-0.0105,0.0565,0.0129));
#2993=CARTESIAN_POINT('',(-0.0105,0.0583,0.0129));
#2994=CARTESIAN_POINT('',(-0.025,0.0583,0.0129));
#2995=CARTESIAN_POINT('',(-0.0395,0.0583,0.0129));
#2996=CARTESIAN_POINT('',(-0.0395,0.0565,0.0129));
#2997=CARTESIAN_POINT('',(-0.0413,0.0565,0.0129));
#2998=CARTESIAN_POINT('',(-0.0413,0.02925,0.0129));
#2999=CARTESIAN_POINT('',(-0.0413,0.002,0.0129));
#3000=CARTESIAN_POINT('',(-0.0395,0.002,0.0129));
#3001=CARTESIAN_POINT('',(-0.025,-0.001,0.0149));
#3002=CARTESIAN_POINT('',(-0.0105,-0.001,0.0149));
#3003=CARTESIAN_POINT('',(-0.0105,-0.001,0.0149));
#3004=CARTESIAN_POINT('',(-0.025,-0.001,0.0149));
#3005=CARTESIAN_POINT('',(-0.0395,-0.001,0.0149));
#3006=CARTESIAN_POINT('',(-0.0395,-0.001,0.0149));
#3007=CARTESIAN_POINT('',(-0.0105,0.002,0.0149));
#3008=CARTESIAN_POINT('',(-0.0075,0.002,0.0149));
#3009=CARTESIAN_POINT('',(-0.0075,0.002,0.0149));
#3010=CARTESIAN_POINT('',(-0.0105,0.002,0.0149));
#3011=CARTESIAN_POINT('',(-0.0075,0.02925,0.0149));
#3012=CARTESIAN_POINT('',(-0.0075,0.0565,0.0149));
#3013=CARTESIAN_POINT('',(-0.0075,0.0565,0.0149));
#3014=CARTESIAN_POINT('',(-0.0075,0.02925,0.0149));
#3015=CARTESIAN_POINT('',(-0.0105,0.0565,0.0149));
#3016=CARTESIAN_POINT('',(-0.0105,0.0595,0.0149));
#3017=CARTESIAN_POINT('',(-0.0105,0.0595,0.0149));
#3018=CARTESIAN_POINT('',(-0.0105,0.0565,0.0149));
#3019=CARTESIAN_POINT('',(-0.025,0.0595,0.0149));
#3020=CARTESIAN_POINT('',(-0.0395,0.0595,0.0149));
#3021=CARTESIAN_POINT('',(-0.0395,0.0595,0.0149));
#3022=CARTESIAN_POINT('',(-0.025,0.0595,0.0149));
#3023=CARTESIAN_POINT('',(-0.0395,0.0565,0.0149));
#3024=CARTESIAN_POINT('',(-0.0425,0.0565,0.0149));
#3025=CARTESIAN_POINT('',(-0.0425,0.0565,0.0149));
#3026=CARTESIAN_POINT('',(-0.0395,0.0565,0.0149));
#3027=CARTESIAN_POINT('',(-0.0425,0.02925,0.0149));
#3028=CARTESIAN_POINT('',(-0.0425,0.002,0.0149));
#3029=CARTESIAN_POINT('',(-0.0425,0.002,0.0149));
#3030=CARTESIAN_POINT('',(-0.0425,0.02925,0.0149));
#3031=CARTESIAN_POINT('',(-0.0395,0.002,0.0149));
#3032=CARTESIAN_POINT('',(-0.0395,0.002,0.0149));
#3033=CARTESIAN_POINT('',(-0.025,0.02925,0.0149));
#3034=CARTESIAN_POINT('',(-0.034,0.049,0.0149));
#3035=CARTESIAN_POINT('',(-0.034,0.05,0.0149));
#3036=CARTESIAN_POINT('',(-0.035,0.049,0.0149));
#3037=CARTESIAN_POINT('',(-0.025,0.05,0.0149));
#3038=CARTESIAN_POINT('',(-0.016,0.05,0.0149));
#3039=CARTESIAN_POINT('',(-0.016,0.049,0.0149));
#3040=CARTESIAN_POINT('',(-0.015,0.049,0.0149));
#3041=CARTESIAN_POINT('',(-0.015,0.0475,0.0149));
#3042=CARTESIAN_POINT('',(-0.015,0.046,0.0149));
#3043=CARTESIAN_POINT('',(-0.016,0.046,0.0149));
#3044=CARTESIAN_POINT('',(-0.016,0.045,0.0149));
#3045=CARTESIAN_POINT('',(-0.025,0.045,0.0149));
#3046=CARTESIAN_POINT('',(-0.034,0.045,0.0149));
#3047=CARTESIAN_POINT('',(-0.034,0.046,0.0149));
#3048=CARTESIAN_POINT('',(-0.035,0.046,0.0149));
#3049=CARTESIAN_POINT('',(-0.035,0.0475,0.0149));
#3050=CARTESIAN_POINT('',(-0.03475,0.0002,0.0119));
#3051=CARTESIAN_POINT('',(-0.0395,0.000199999999999996,0.0119));
#3052=CARTESIAN_POINT('',(-0.03,0.0002,0.0119));
#3053=CARTESIAN_POINT('',(-0.03,0.0007,0.0119));
#3054=CARTESIAN_POINT('',(-0.03,0.0012,0.0119));
#3055=CARTESIAN_POINT('',(-0.03475,0.0012,0.0119));
#3056=CARTESIAN_POINT('',(-0.0395,0.0012,0.0119));
#3057=CARTESIAN_POINT('',(-0.0395,0.002,0.0119));
#3058=CARTESIAN_POINT('',(-0.0403,0.002,0.0119));
#3059=CARTESIAN_POINT('',(-0.0403,0.02925,0.0119));
#3060=CARTESIAN_POINT('',(-0.0403,0.002,0.0089));
#3061=CARTESIAN_POINT('',(-0.0403,0.002,0.0089));
#3062=CARTESIAN_POINT('',(-0.0403,0.02925,0.0089));
#3063=CARTESIAN_POINT('',(-0.0403,0.007,0.0089));
#3064=CARTESIAN_POINT('',(-0.0403,0.007,0.0089));
#3065=CARTESIAN_POINT('',(-0.0403,0.007,0.0119));
#3066=CARTESIAN_POINT('',(-0.0403,0.02925,0.0119));
#3067=CARTESIAN_POINT('',(-0.0403,0.0515,0.0119));
#3068=CARTESIAN_POINT('',(-0.0403,0.0515,0.0089));
#3069=CARTESIAN_POINT('',(-0.0403,0.0515,0.0089));
#3070=CARTESIAN_POINT('',(-0.0403,0.02925,0.0089));
#3071=CARTESIAN_POINT('',(-0.0403,0.0565,0.0089));
#3072=CARTESIAN_POINT('',(-0.0403,0.0565,0.0089));
#3073=CARTESIAN_POINT('',(-0.0403,0.0565,0.0119));
#3074=CARTESIAN_POINT('',(-0.0395,0.0565,0.0119));
#3075=CARTESIAN_POINT('',(-0.0395,0.0573,0.0119));
#3076=CARTESIAN_POINT('',(-0.025,0.0573,0.0119));
#3077=CARTESIAN_POINT('',(-0.0105,0.0573,0.0119));
#3078=CARTESIAN_POINT('',(-0.0105,0.0565,0.0119));
#3079=CARTESIAN_POINT('',(-0.0097,0.0565,0.0119));
#3080=CARTESIAN_POINT('',(-0.0097,0.02925,0.0119));
#3081=CARTESIAN_POINT('',(-0.0097,0.0565,0.0089));
#3082=CARTESIAN_POINT('',(-0.0097,0.0565,0.0089));
#3083=CARTESIAN_POINT('',(-0.0097,0.02925,0.0089));
#3084=CARTESIAN_POINT('',(-0.0097,0.0515,0.0089));
#3085=CARTESIAN_POINT('',(-0.0097,0.0515,0.0089));
#3086=CARTESIAN_POINT('',(-0.0097,0.007,0.0089));
#3087=CARTESIAN_POINT('',(-0.0097,0.007,0.0089));
#3088=CARTESIAN_POINT('',(-0.0097,0.02925,0.0089));
#3089=CARTESIAN_POINT('',(-0.0097,0.002,0.0089));
#3090=CARTESIAN_POINT('',(-0.0097,0.002,0.0089));
#3091=CARTESIAN_POINT('',(-0.0097,0.002,0.0119));
#3092=CARTESIAN_POINT('',(-0.0105,0.002,0.0119));
#3093=CARTESIAN_POINT('',(-0.0105,0.0012,0.0119));
#3094=CARTESIAN_POINT('',(-0.01525,0.0012,0.0119));
#3095=CARTESIAN_POINT('',(-0.02,0.0012,0.0119));
#3096=CARTESIAN_POINT('',(-0.02,0.0007,0.0119));
#3097=CARTESIAN_POINT('',(-0.02,0.0002,0.0119));
#3098=CARTESIAN_POINT('',(-0.01525,0.0002,0.0119));
#3099=CARTESIAN_POINT('',(-0.0105,0.0002,0.0119));
#3100=CARTESIAN_POINT('',(-0.0105,0.002,0.0119));
#3101=CARTESIAN_POINT('',(-0.0105,0.0565,0.0119));
#3102=CARTESIAN_POINT('',(-0.0105,0.0583,0.0119));
#3103=CARTESIAN_POINT('',(-0.025,0.0583,0.0119));
#3104=CARTESIAN_POINT('',(-0.0395,0.0583,0.0119));
#3105=CARTESIAN_POINT('',(-0.0395,0.0565,0.0119));
#3106=CARTESIAN_POINT('',(-0.0413,0.0565,0.0119));
#3107=CARTESIAN_POINT('',(-0.0413,0.02925,0.0119));
#3108=CARTESIAN_POINT('',(-0.0413,0.007,0.0089));
#3109=CARTESIAN_POINT('',(-0.0413,0.007,0.0109));
#3110=CARTESIAN_POINT('',(-0.0413,0.007,0.0119));
#3111=CARTESIAN_POINT('',(-0.0413,0.02925,0.0109));
#3112=CARTESIAN_POINT('',(-0.0413,0.002,0.0109));
#3113=CARTESIAN_POINT('',(-0.0413,0.002,0.0089));
#3114=CARTESIAN_POINT('',(-0.0413,0.002,0.0119));
#3115=CARTESIAN_POINT('',(-0.0413,0.0565,0.0089));
#3116=CARTESIAN_POINT('',(-0.0413,0.0565,0.0109));
#3117=CARTESIAN_POINT('',(-0.0413,0.02925,0.0109));
#3118=CARTESIAN_POINT('',(-0.0413,0.0515,0.0109));
#3119=CARTESIAN_POINT('',(-0.0413,0.0515,0.0089));
#3120=CARTESIAN_POINT('',(-0.0413,0.0515,0.0119));
#3121=CARTESIAN_POINT('',(-0.0413,0.02925,0.0119));
#3122=CARTESIAN_POINT('',(-0.0395,0.002,0.0119));
#3123=CARTESIAN_POINT('',(-0.025,0.02925,0.0119));
#3124=CARTESIAN_POINT('',(-0.0408,0.0515,0.0119));
#3125=CARTESIAN_POINT('',(-0.0408,0.007,0.0119));
#3126=CARTESIAN_POINT('',(-0.0408,0.002,0.0089));
#3127=CARTESIAN_POINT('',(-0.0418,0.002,0.0089));
#3128=CARTESIAN_POINT('',(-0.0418,0.002,0.0094));
#3129=CARTESIAN_POINT('',(-0.0418,0.002,0.0104));
#3130=CARTESIAN_POINT('',(-0.0413,0.002,0.0089));
#3131=CARTESIAN_POINT('',(-0.0413,0.002,0.0089));
#3132=CARTESIAN_POINT('',(-0.0408,0.002,0.0089));
#3133=CARTESIAN_POINT('',(-0.04205,0.002,0.01015));
#3134=CARTESIAN_POINT('',(-0.0408,0.007,0.0089));
#3135=CARTESIAN_POINT('',(-0.0408,0.007,0.0089));
#3136=CARTESIAN_POINT('',(-0.0413,0.007,0.0089));
#3137=CARTESIAN_POINT('',(-0.04105,0.007,0.00865));
#3138=CARTESIAN_POINT('',(-0.0418,0.007,0.0094));
#3139=CARTESIAN_POINT('',(-0.0418,0.007,0.0089));
#3140=CARTESIAN_POINT('',(-0.0418,0.007,0.0104));
#3141=CARTESIAN_POINT('',(-0.0413,0.007,0.0109));
#3142=CARTESIAN_POINT('',(-0.025,0.02925,0.0089));
#3143=CARTESIAN_POINT('',(-0.0413,0.02925,0.0089));
#3144=CARTESIAN_POINT('',(-0.0092,0.0515,0.0089));
#3145=CARTESIAN_POINT('',(-0.0092,0.0515,0.0089));
#3146=CARTESIAN_POINT('',(-0.0087,0.0515,0.0089));
#3147=CARTESIAN_POINT('',(-0.0082,0.0515,0.0094));
#3148=CARTESIAN_POINT('',(-0.0082,0.0515,0.0094));
#3149=CARTESIAN_POINT('',(-0.0082,0.0515,0.0089));
#3150=CARTESIAN_POINT('',(-0.0082,0.0515,0.0104));
#3151=CARTESIAN_POINT('',(-0.00795,0.0515,0.01015));
#3152=CARTESIAN_POINT('',(-0.0092,0.0565,0.0089));
#3153=CARTESIAN_POINT('',(-0.0082,0.0565,0.0089));
#3154=CARTESIAN_POINT('',(-0.0082,0.0565,0.0094));
#3155=CARTESIAN_POINT('',(-0.0082,0.0565,0.0104));
#3156=CARTESIAN_POINT('',(-0.00895,0.0565,0.00865));
#3157=CARTESIAN_POINT('',(-0.0087,0.0565,0.0089));
#3158=CARTESIAN_POINT('',(-0.0092,0.0565,0.0089));
#3159=CARTESIAN_POINT('',(-0.0082,0.0565,0.0104));
#3160=CARTESIAN_POINT('',(-0.025,0.02925,0.0089));
#3161=CARTESIAN_POINT('',(-0.0087,0.02925,0.0089));
#3162=CARTESIAN_POINT('',(-0.0092,0.002,0.0089));
#3163=CARTESIAN_POINT('',(-0.0092,0.002,0.0089));
#3164=CARTESIAN_POINT('',(-0.0087,0.002,0.0089));
#3165=CARTESIAN_POINT('',(-0.00895,0.002,0.00865));
#3166=CARTESIAN_POINT('',(-0.0082,0.002,0.0094));
#3167=CARTESIAN_POINT('',(-0.0082,0.002,0.0089));
#3168=CARTESIAN_POINT('',(-0.0082,0.002,0.0104));
#3169=CARTESIAN_POINT('',(-0.0082,0.002,0.0104));
#3170=CARTESIAN_POINT('',(-0.0092,0.007,0.0089));
#3171=CARTESIAN_POINT('',(-0.0082,0.007,0.0089));
#3172=CARTESIAN_POINT('',(-0.0082,0.007,0.0094));
#3173=CARTESIAN_POINT('',(-0.0082,0.007,0.0104));
#3174=CARTESIAN_POINT('',(-0.0082,0.007,0.0094));
#3175=CARTESIAN_POINT('',(-0.0087,0.007,0.0089));
#3176=CARTESIAN_POINT('',(-0.0092,0.007,0.0089));
#3177=CARTESIAN_POINT('',(-0.00795,0.007,0.01015));
#3178=CARTESIAN_POINT('',(-0.025,0.02925,0.0089));
#3179=CARTESIAN_POINT('',(-0.0087,0.02925,0.0089));
#3180=CARTESIAN_POINT('',(-0.0408,0.0565,0.0089));
#3181=CARTESIAN_POINT('',(-0.0408,0.0565,0.0089));
#3182=CARTESIAN_POINT('',(-0.0413,0.0565,0.0089));
#3183=CARTESIAN_POINT('',(-0.0413,0.0565,0.0089));
#3184=CARTESIAN_POINT('',(-0.0418,0.0565,0.0094));
#3185=CARTESIAN_POINT('',(-0.0418,0.0565,0.0089));
#3186=CARTESIAN_POINT('',(-0.0418,0.0565,0.0104));
#3187=CARTESIAN_POINT('',(-0.04205,0.0565,0.01015));
#3188=CARTESIAN_POINT('',(-0.0408,0.0515,0.0089));
#3189=CARTESIAN_POINT('',(-0.0418,0.0515,0.0089));
#3190=CARTESIAN_POINT('',(-0.0418,0.0515,0.0094));
#3191=CARTESIAN_POINT('',(-0.0418,0.0515,0.0104));
#3192=CARTESIAN_POINT('',(-0.04105,0.0515,0.00865));
#3193=CARTESIAN_POINT('',(-0.0413,0.0515,0.0089));
#3194=CARTESIAN_POINT('',(-0.0408,0.0515,0.0089));
#3195=CARTESIAN_POINT('',(-0.0413,0.0515,0.0109));
#3196=CARTESIAN_POINT('',(-0.025,0.02925,0.0089));
#3197=CARTESIAN_POINT('',(-0.0413,0.02925,0.0089));
#3198=CARTESIAN_POINT('',(-0.0418,0.02925,0.0109));
#3199=CARTESIAN_POINT('',(-0.0418,0.02925,0.0094));
#3200=CARTESIAN_POINT('',(-0.0418,0.0045,0.0104));
#3201=CARTESIAN_POINT('',(-0.0418,0.02925,0.0109));
#3202=CARTESIAN_POINT('',(-0.0418,0.02925,0.0094));
#3203=CARTESIAN_POINT('',(-0.0418,0.054,0.0104));
#3204=CARTESIAN_POINT('',(-0.0413,0.02925,0.0109));
#3205=CARTESIAN_POINT('',(-0.0413,0.02925,0.0109));
#3206=CARTESIAN_POINT('',(-0.0413,0.02925,0.0089));
#3207=CARTESIAN_POINT('',(-0.0413,0.02925,0.0089));
#3208=CARTESIAN_POINT('',(-0.0082,0.02925,0.0109));
#3209=CARTESIAN_POINT('',(-0.0082,0.02925,0.0094));
#3210=CARTESIAN_POINT('',(-0.0082,0.0045,0.0104));
#3211=CARTESIAN_POINT('',(-0.0082,0.02925,0.0109));
#3212=CARTESIAN_POINT('',(-0.0082,0.02925,0.0094));
#3213=CARTESIAN_POINT('',(-0.0082,0.054,0.0104));
#3214=CARTESIAN_POINT('',(-0.0082,0.0045,0.0104));
#3215=CARTESIAN_POINT('',(-0.0082,0.054,0.0104));
#3216=CARTESIAN_POINT('',(-0.0082,0.02925,0.0094));
#3217=CARTESIAN_POINT('',(-0.0082,0.02925,0.0094));
#3218=CARTESIAN_POINT('',(-0.034,0.049,0.008898));
#3219=CARTESIAN_POINT('',(-0.034,0.05,0.008898));
#3220=CARTESIAN_POINT('',(-0.035,0.049,0.008898));
#3221=CARTESIAN_POINT('',(-0.035,0.0475,0.008898));
#3222=CARTESIAN_POINT('',(-0.035,0.046,0.008898));
#3223=CARTESIAN_POINT('',(-0.034,0.046,0.008898));
#3224=CARTESIAN_POINT('',(-0.034,0.045,0.008898));
#3225=CARTESIAN_POINT('',(-0.025,0.045,0.008898));
#3226=CARTESIAN_POINT('',(-0.016,0.045,0.008898));
#3227=CARTESIAN_POINT('',(-0.016,0.046,0.008898));
#3228=CARTESIAN_POINT('',(-0.015,0.046,0.008898));
#3229=CARTESIAN_POINT('',(-0.015,0.0475,0.008898));
#3230=CARTESIAN_POINT('',(-0.015,0.049,0.008898));
#3231=CARTESIAN_POINT('',(-0.025,0.05,0.008898));
#3232=CARTESIAN_POINT('',(-0.016,0.05,0.008898));
#3233=CARTESIAN_POINT('',(-0.016,0.049,0.008898));
#3234=MECHANICAL_DESIGN_GEOMETRIC_PRESENTATION_REPRESENTATION('',(#1951),
#3235);
#3235=(
GEOMETRIC_REPRESENTATION_CONTEXT(3)
GLOBAL_UNCERTAINTY_ASSIGNED_CONTEXT((#3236))
GLOBAL_UNIT_ASSIGNED_CONTEXT((#3239,#3238,#3237))
REPRESENTATION_CONTEXT('ESPLid','TOP_LEVEL_ASSEMBLY_PART')
);
#3236=UNCERTAINTY_MEASURE_WITH_UNIT(LENGTH_MEASURE(1.E-8),#3239,
'DISTANCE_ACCURACY_VALUE','Maximum Tolerance applied to model');
#3237=(
NAMED_UNIT(*)
SI_UNIT($,.STERADIAN.)
SOLID_ANGLE_UNIT()
);
#3238=(
NAMED_UNIT(*)
PLANE_ANGLE_UNIT()
SI_UNIT($,.RADIAN.)
);
#3239=(
LENGTH_UNIT()
NAMED_UNIT(*)
SI_UNIT($,.METRE.)
);
#3240=PRODUCT_DEFINITION_SHAPE('','',#3241);
#3241=PRODUCT_DEFINITION('','',#3243,#3242);
#3242=PRODUCT_DEFINITION_CONTEXT('',#3249,'design');
#3243=PRODUCT_DEFINITION_FORMATION_WITH_SPECIFIED_SOURCE('','',#3245,
 .NOT_KNOWN.);
#3244=PRODUCT_RELATED_PRODUCT_CATEGORY('','',(#3245));
#3245=PRODUCT('ESPLid','ESPLid','ESPLid',(#3247));
#3246=PRODUCT_CATEGORY('','');
#3247=PRODUCT_CONTEXT('',#3249,'mechanical');
#3248=APPLICATION_PROTOCOL_DEFINITION('international standard',
'ap242_managed_model_based_3d_engineering',2020,#3249);
#3249=APPLICATION_CONTEXT('managed model based 3d engineering');
ENDSEC;
END-ISO-10303-21;
